<?xml version="1.0" encoding="UTF-8"?>
<export version="D">
  <design>
    <source>C:/Users/Daniel/Google Drive/IC Research/CsIPSUV2/CsIPSU.sch</source>
    <date>11/27/2017 3:25:17 PM</date>
    <tool>Eeschema 4.0.4-stable</tool>
    <sheet number="1" name="/" tstamps="/">
      <title_block>
        <title/>
        <company/>
        <rev/>
        <date/>
        <source>CsIPSU.sch</source>
        <comment number="1" value=""/>
        <comment number="2" value=""/>
        <comment number="3" value=""/>
        <comment number="4" value=""/>
      </title_block>
    </sheet>
  </design>
  <components>
    <comp ref="D1">
      <value>MMBD3004S</value>
      <footprint>HVTest:SOT23</footprint>
      <libsource lib="HVTest" part="MMBD3004S"/>
      <sheetpath names="/" tstamps="/"/>
      <tstamp>5A0EFE58</tstamp>
    </comp>
    <comp ref="T1">
      <value>TRANSFO</value>
      <footprint>HVTest:LPR6235</footprint>
      <libsource lib="device" part="TRANSFO"/>
      <sheetpath names="/" tstamps="/"/>
      <tstamp>5A11FA7E</tstamp>
    </comp>
    <comp ref="Q1">
      <value>NMOS-DMG3420U</value>
      <footprint>HVTest:SOT23-mosfet</footprint>
      <libsource lib="HVTest" part="NMOS-DMG3420U"/>
      <sheetpath names="/" tstamps="/"/>
      <tstamp>5A11FABF</tstamp>
    </comp>
    <comp ref="R1">
      <value>1M</value>
      <footprint>Resistors_SMD:R_0402_NoSilk</footprint>
      <libsource lib="device" part="R_Small"/>
      <sheetpath names="/" tstamps="/"/>
      <tstamp>5A11FC12</tstamp>
    </comp>
    <comp ref="D2">
      <value>MMBD3004S</value>
      <footprint>HVTest:SOT23</footprint>
      <libsource lib="HVTest" part="MMBD3004S"/>
      <sheetpath names="/" tstamps="/"/>
      <tstamp>5A120999</tstamp>
    </comp>
    <comp ref="D3">
      <value>MMBD3004S</value>
      <footprint>HVTest:SOT23</footprint>
      <libsource lib="HVTest" part="MMBD3004S"/>
      <sheetpath names="/" tstamps="/"/>
      <tstamp>5A1209E8</tstamp>
    </comp>
    <comp ref="D4">
      <value>MMBD3004S</value>
      <footprint>HVTest:SOT23</footprint>
      <libsource lib="HVTest" part="MMBD3004S"/>
      <sheetpath names="/" tstamps="/"/>
      <tstamp>5A120A42</tstamp>
    </comp>
    <comp ref="D5">
      <value>MMBD3004S</value>
      <footprint>HVTest:SOT23</footprint>
      <libsource lib="HVTest" part="MMBD3004S"/>
      <sheetpath names="/" tstamps="/"/>
      <tstamp>5A120AE4</tstamp>
    </comp>
    <comp ref="D6">
      <value>MMBD3004S</value>
      <footprint>HVTest:SOT23</footprint>
      <libsource lib="HVTest" part="MMBD3004S"/>
      <sheetpath names="/" tstamps="/"/>
      <tstamp>5A120B4E</tstamp>
    </comp>
    <comp ref="D7">
      <value>MMBD3004S</value>
      <footprint>HVTest:SOT23</footprint>
      <libsource lib="HVTest" part="MMBD3004S"/>
      <sheetpath names="/" tstamps="/"/>
      <tstamp>5A120BB7</tstamp>
    </comp>
    <comp ref="D8">
      <value>MMBD3004S</value>
      <footprint>HVTest:SOT23</footprint>
      <libsource lib="HVTest" part="MMBD3004S"/>
      <sheetpath names="/" tstamps="/"/>
      <tstamp>5A120C19</tstamp>
    </comp>
    <comp ref="D9">
      <value>MMBD3004S</value>
      <footprint>HVTest:SOT23</footprint>
      <libsource lib="HVTest" part="MMBD3004S"/>
      <sheetpath names="/" tstamps="/"/>
      <tstamp>5A12133C</tstamp>
    </comp>
    <comp ref="D10">
      <value>MMBD3004S</value>
      <footprint>HVTest:SOT23</footprint>
      <libsource lib="HVTest" part="MMBD3004S"/>
      <sheetpath names="/" tstamps="/"/>
      <tstamp>5A1213B1</tstamp>
    </comp>
    <comp ref="D11">
      <value>MMBD3004S</value>
      <footprint>HVTest:SOT23</footprint>
      <libsource lib="HVTest" part="MMBD3004S"/>
      <sheetpath names="/" tstamps="/"/>
      <tstamp>5A121B4E</tstamp>
    </comp>
    <comp ref="D12">
      <value>MMBD3004S</value>
      <footprint>HVTest:SOT23</footprint>
      <libsource lib="HVTest" part="MMBD3004S"/>
      <sheetpath names="/" tstamps="/"/>
      <tstamp>5A121BDA</tstamp>
    </comp>
    <comp ref="L1">
      <value>10nH</value>
      <footprint>Resistors_SMD:R_0402_NoSilk</footprint>
      <libsource lib="device" part="L_Small"/>
      <sheetpath names="/" tstamps="/"/>
      <tstamp>5A12B523</tstamp>
    </comp>
    <comp ref="J1">
      <value>RF_SHIELD_TWO_PIECES</value>
      <footprint>HVTest:Laird_Technologies_BMI-S-205-F_38.10x25.40mm</footprint>
      <libsource lib="device" part="RF_SHIELD_TWO_PIECES"/>
      <sheetpath names="/" tstamps="/"/>
      <tstamp>5A12C70D</tstamp>
    </comp>
    <comp ref="C1">
      <value>0.1uF</value>
      <footprint>HVTest:HV-1206</footprint>
      <libsource lib="device" part="C_Small"/>
      <sheetpath names="/" tstamps="/"/>
      <tstamp>5A130864</tstamp>
    </comp>
    <comp ref="C3">
      <value>0.1uF</value>
      <footprint>HVTest:HV-1206</footprint>
      <libsource lib="device" part="C_Small"/>
      <sheetpath names="/" tstamps="/"/>
      <tstamp>5A148341</tstamp>
    </comp>
    <comp ref="C5">
      <value>0.1uF</value>
      <footprint>HVTest:HV-1206</footprint>
      <libsource lib="device" part="C_Small"/>
      <sheetpath names="/" tstamps="/"/>
      <tstamp>5A1483C0</tstamp>
    </comp>
    <comp ref="C7">
      <value>0.1uF</value>
      <footprint>HVTest:HV-1206</footprint>
      <libsource lib="device" part="C_Small"/>
      <sheetpath names="/" tstamps="/"/>
      <tstamp>5A148434</tstamp>
    </comp>
    <comp ref="C9">
      <value>0.1uF</value>
      <footprint>HVTest:HV-1206</footprint>
      <libsource lib="device" part="C_Small"/>
      <sheetpath names="/" tstamps="/"/>
      <tstamp>5A1484B7</tstamp>
    </comp>
    <comp ref="C11">
      <value>0.1uF</value>
      <footprint>HVTest:HV-1206</footprint>
      <libsource lib="device" part="C_Small"/>
      <sheetpath names="/" tstamps="/"/>
      <tstamp>5A148535</tstamp>
    </comp>
    <comp ref="C13">
      <value>0.1uF</value>
      <footprint>HVTest:HV-1206</footprint>
      <libsource lib="device" part="C_Small"/>
      <sheetpath names="/" tstamps="/"/>
      <tstamp>5A1485C0</tstamp>
    </comp>
    <comp ref="C15">
      <value>0.1uF</value>
      <footprint>HVTest:HV-1206</footprint>
      <libsource lib="device" part="C_Small"/>
      <sheetpath names="/" tstamps="/"/>
      <tstamp>5A148A74</tstamp>
    </comp>
    <comp ref="C17">
      <value>0.1uF</value>
      <footprint>HVTest:HV-1206</footprint>
      <libsource lib="device" part="C_Small"/>
      <sheetpath names="/" tstamps="/"/>
      <tstamp>5A148AFD</tstamp>
    </comp>
    <comp ref="C19">
      <value>0.1uF</value>
      <footprint>HVTest:HV-1206</footprint>
      <libsource lib="device" part="C_Small"/>
      <sheetpath names="/" tstamps="/"/>
      <tstamp>5A148B87</tstamp>
    </comp>
    <comp ref="C21">
      <value>0.1uF</value>
      <footprint>HVTest:HV-1206</footprint>
      <libsource lib="device" part="C_Small"/>
      <sheetpath names="/" tstamps="/"/>
      <tstamp>5A148C16</tstamp>
    </comp>
    <comp ref="C23">
      <value>0.1uF</value>
      <footprint>HVTest:HV-1206</footprint>
      <libsource lib="device" part="C_Small"/>
      <sheetpath names="/" tstamps="/"/>
      <tstamp>5A149200</tstamp>
    </comp>
    <comp ref="C24">
      <value>0.1uF</value>
      <footprint>HVTest:HV-1206</footprint>
      <libsource lib="device" part="C_Small"/>
      <sheetpath names="/" tstamps="/"/>
      <tstamp>5A14929B</tstamp>
    </comp>
    <comp ref="C22">
      <value>0.1uF</value>
      <footprint>HVTest:HV-1206</footprint>
      <libsource lib="device" part="C_Small"/>
      <sheetpath names="/" tstamps="/"/>
      <tstamp>5A149339</tstamp>
    </comp>
    <comp ref="C20">
      <value>0.1uF</value>
      <footprint>HVTest:HV-1206</footprint>
      <libsource lib="device" part="C_Small"/>
      <sheetpath names="/" tstamps="/"/>
      <tstamp>5A1493D8</tstamp>
    </comp>
    <comp ref="C18">
      <value>0.1uF</value>
      <footprint>HVTest:HV-1206</footprint>
      <libsource lib="device" part="C_Small"/>
      <sheetpath names="/" tstamps="/"/>
      <tstamp>5A149478</tstamp>
    </comp>
    <comp ref="C16">
      <value>0.1uF</value>
      <footprint>HVTest:HV-1206</footprint>
      <libsource lib="device" part="C_Small"/>
      <sheetpath names="/" tstamps="/"/>
      <tstamp>5A149515</tstamp>
    </comp>
    <comp ref="C14">
      <value>0.1uF</value>
      <footprint>HVTest:HV-1206</footprint>
      <libsource lib="device" part="C_Small"/>
      <sheetpath names="/" tstamps="/"/>
      <tstamp>5A1495B7</tstamp>
    </comp>
    <comp ref="C12">
      <value>0.1uF</value>
      <footprint>HVTest:HV-1206</footprint>
      <libsource lib="device" part="C_Small"/>
      <sheetpath names="/" tstamps="/"/>
      <tstamp>5A14965E</tstamp>
    </comp>
    <comp ref="C10">
      <value>0.1uF</value>
      <footprint>HVTest:HV-1206</footprint>
      <libsource lib="device" part="C_Small"/>
      <sheetpath names="/" tstamps="/"/>
      <tstamp>5A14A0C8</tstamp>
    </comp>
    <comp ref="C8">
      <value>0.1uF</value>
      <footprint>HVTest:HV-1206</footprint>
      <libsource lib="device" part="C_Small"/>
      <sheetpath names="/" tstamps="/"/>
      <tstamp>5A14A179</tstamp>
    </comp>
    <comp ref="C6">
      <value>0.1uF</value>
      <footprint>HVTest:HV-1206</footprint>
      <libsource lib="device" part="C_Small"/>
      <sheetpath names="/" tstamps="/"/>
      <tstamp>5A14A30D</tstamp>
    </comp>
    <comp ref="C4">
      <value>0.1uF</value>
      <footprint>HVTest:HV-1206</footprint>
      <libsource lib="device" part="C_Small"/>
      <sheetpath names="/" tstamps="/"/>
      <tstamp>5A14A4B0</tstamp>
    </comp>
    <comp ref="C2">
      <value>0.1uF</value>
      <footprint>HVTest:HV-1206</footprint>
      <libsource lib="device" part="C_Small"/>
      <sheetpath names="/" tstamps="/"/>
      <tstamp>5A14A56C</tstamp>
    </comp>
    <comp ref="C49">
      <value>100uF</value>
      <footprint>Capacitors_Tantalum_SMD:CP_Tantalum_Case-C_EIA-6032-28_Reflow</footprint>
      <libsource lib="device" part="CP1_Small"/>
      <sheetpath names="/" tstamps="/"/>
      <tstamp>5A1514EE</tstamp>
    </comp>
    <comp ref="U1">
      <value>switch_ic4/5</value>
      <footprint>Housings_DFN_QFN:QFN-20-1EP_4x4mm_Pitch0.5mm</footprint>
      <libsource lib="HVTest" part="switch_ic4/5"/>
      <sheetpath names="/" tstamps="/"/>
      <tstamp>5A154FE0</tstamp>
    </comp>
    <comp ref="R18">
      <value>1M</value>
      <footprint>Resistors_SMD:R_0402_NoSilk</footprint>
      <libsource lib="device" part="R"/>
      <sheetpath names="/" tstamps="/"/>
      <tstamp>5A1562DC</tstamp>
    </comp>
    <comp ref="R19">
      <value>1M</value>
      <footprint>Resistors_SMD:R_0402_NoSilk</footprint>
      <libsource lib="device" part="R"/>
      <sheetpath names="/" tstamps="/"/>
      <tstamp>5A1564A5</tstamp>
    </comp>
    <comp ref="R20">
      <value>1M</value>
      <footprint>Resistors_SMD:R_0402_NoSilk</footprint>
      <libsource lib="device" part="R"/>
      <sheetpath names="/" tstamps="/"/>
      <tstamp>5A15662A</tstamp>
    </comp>
    <comp ref="C55">
      <value>3.3nF</value>
      <footprint>Capacitors_SMD:C_0402_NoSilk</footprint>
      <libsource lib="device" part="C_Small"/>
      <sheetpath names="/" tstamps="/"/>
      <tstamp>5A15AE75</tstamp>
    </comp>
    <comp ref="R21">
      <value>33M</value>
      <footprint>Resistors_SMD:R_0402_NoSilk</footprint>
      <libsource lib="device" part="R"/>
      <sheetpath names="/" tstamps="/"/>
      <tstamp>5A15D310</tstamp>
    </comp>
    <comp ref="R22">
      <value>1M</value>
      <footprint>Resistors_SMD:R_0402_NoSilk</footprint>
      <libsource lib="device" part="R"/>
      <sheetpath names="/" tstamps="/"/>
      <tstamp>5A15D426</tstamp>
    </comp>
    <comp ref="C51">
      <value>1uF</value>
      <footprint>Capacitors_SMD:C_0603</footprint>
      <libsource lib="device" part="C_Small"/>
      <sheetpath names="/" tstamps="/"/>
      <tstamp>5A164C3D</tstamp>
    </comp>
    <comp ref="RV1">
      <value>1M</value>
      <footprint>HVTest:EVM3Y-POT</footprint>
      <libsource lib="CsIPSU-rescue" part="POT-RESCUE-CsIPSU"/>
      <sheetpath names="/" tstamps="/"/>
      <tstamp>5A165703</tstamp>
    </comp>
    <comp ref="R15">
      <value>2M</value>
      <footprint>Resistors_SMD:R_0402_NoSilk</footprint>
      <libsource lib="device" part="R"/>
      <sheetpath names="/" tstamps="/"/>
      <tstamp>5A16584B</tstamp>
    </comp>
    <comp ref="R14">
      <value>560k</value>
      <footprint>Resistors_SMD:R_0402_NoSilk</footprint>
      <libsource lib="device" part="R"/>
      <sheetpath names="/" tstamps="/"/>
      <tstamp>5A16597F</tstamp>
    </comp>
    <comp ref="R16">
      <value>10</value>
      <footprint>Resistors_SMD:R_0402_NoSilk</footprint>
      <libsource lib="device" part="R"/>
      <sheetpath names="/" tstamps="/"/>
      <tstamp>5A16AE05</tstamp>
    </comp>
    <comp ref="C53">
      <value>1uF</value>
      <footprint>Capacitors_SMD:C_0603</footprint>
      <libsource lib="device" part="C_Small"/>
      <sheetpath names="/" tstamps="/"/>
      <tstamp>5A16BC75</tstamp>
    </comp>
    <comp ref="C50">
      <value>1uF</value>
      <footprint>Capacitors_SMD:C_0603</footprint>
      <libsource lib="device" part="C_Small"/>
      <sheetpath names="/" tstamps="/"/>
      <tstamp>5A16BED5</tstamp>
    </comp>
    <comp ref="R17">
      <value>10</value>
      <footprint>Resistors_SMD:R_0402_NoSilk</footprint>
      <libsource lib="device" part="R"/>
      <sheetpath names="/" tstamps="/"/>
      <tstamp>5A16C5CE</tstamp>
    </comp>
    <comp ref="C54">
      <value>0.1uF</value>
      <footprint>Capacitors_SMD:C_0402_NoSilk</footprint>
      <libsource lib="device" part="C_Small"/>
      <sheetpath names="/" tstamps="/"/>
      <tstamp>5A1702E4</tstamp>
    </comp>
    <comp ref="C52">
      <value>0.1uF</value>
      <footprint>Capacitors_SMD:C_0402_NoSilk</footprint>
      <libsource lib="device" part="C_Small"/>
      <sheetpath names="/" tstamps="/"/>
      <tstamp>5A173BC3</tstamp>
    </comp>
    <comp ref="RV3">
      <value>20k</value>
      <footprint>HVTest:EVM3Y-POT</footprint>
      <libsource lib="CsIPSU-rescue" part="POT-RESCUE-CsIPSU"/>
      <sheetpath names="/" tstamps="/"/>
      <tstamp>5A177741</tstamp>
    </comp>
    <comp ref="C57">
      <value>1nF</value>
      <footprint>Capacitors_SMD:C_0402_NoSilk</footprint>
      <libsource lib="device" part="C_Small"/>
      <sheetpath names="/" tstamps="/"/>
      <tstamp>5A17CBA8</tstamp>
    </comp>
    <comp ref="RV2">
      <value>20k</value>
      <footprint>HVTest:EVM3Y-POT</footprint>
      <libsource lib="CsIPSU-rescue" part="POT-RESCUE-CsIPSU"/>
      <sheetpath names="/" tstamps="/"/>
      <tstamp>5A17EB1C</tstamp>
    </comp>
    <comp ref="R23">
      <value>1M</value>
      <footprint>Resistors_SMD:R_0402_NoSilk</footprint>
      <libsource lib="device" part="R"/>
      <sheetpath names="/" tstamps="/"/>
      <tstamp>5A19486A</tstamp>
    </comp>
    <comp ref="C56">
      <value>0.1uF</value>
      <footprint>Capacitors_SMD:C_0402_NoSilk</footprint>
      <libsource lib="device" part="C_Small"/>
      <sheetpath names="/" tstamps="/"/>
      <tstamp>5A1A185E</tstamp>
    </comp>
    <comp ref="C58">
      <value>0.1uF</value>
      <footprint>Capacitors_SMD:C_0402_NoSilk</footprint>
      <libsource lib="device" part="C_Small"/>
      <sheetpath names="/" tstamps="/"/>
      <tstamp>5A1A212D</tstamp>
    </comp>
    <comp ref="BT1">
      <value>Battery</value>
      <footprint>HVTest:KEY1027-ND</footprint>
      <libsource lib="device" part="Battery"/>
      <sheetpath names="/" tstamps="/"/>
      <tstamp>5A1A6247</tstamp>
    </comp>
    <comp ref="J2">
      <value>HIROSE-DF12</value>
      <footprint>HVTest:CheetahSocket</footprint>
      <libsource lib="HVTest" part="HIROSE-DF12"/>
      <sheetpath names="/" tstamps="/"/>
      <tstamp>5A1BCB38</tstamp>
    </comp>
    <comp ref="S1">
      <value>SP4T</value>
      <footprint>HVTest:CUS-14TB</footprint>
      <libsource lib="HVTest" part="SP4T"/>
      <sheetpath names="/" tstamps="/"/>
      <tstamp>5A1DFCC5</tstamp>
    </comp>
    <comp ref="U3">
      <value>TPS78225DDCR</value>
      <footprint>HVTest:TSOT-23-5</footprint>
      <libsource lib="HVTest" part="TPS78225DDCR"/>
      <sheetpath names="/" tstamps="/"/>
      <tstamp>5A1E9CB0</tstamp>
    </comp>
    <comp ref="C59">
      <value>1uF</value>
      <footprint>Capacitors_SMD:C_0603</footprint>
      <libsource lib="device" part="C_Small"/>
      <sheetpath names="/" tstamps="/"/>
      <tstamp>5A1EE7C2</tstamp>
    </comp>
    <comp ref="U2">
      <value>SN74AUP3G17</value>
      <footprint>HVTest:8-VFSOP</footprint>
      <libsource lib="HVTest" part="SN74AUP3G17"/>
      <sheetpath names="/" tstamps="/"/>
      <tstamp>5A1FCD04</tstamp>
    </comp>
    <comp ref="C60">
      <value>1uF</value>
      <footprint>Capacitors_SMD:C_0603</footprint>
      <libsource lib="device" part="C_Small"/>
      <sheetpath names="/" tstamps="/"/>
      <tstamp>5A20F9AF</tstamp>
    </comp>
    <comp ref="P1">
      <value>CONN_01X04</value>
      <footprint>HVTest:SM04B-SRSS-TB(LF)(SN)</footprint>
      <libsource lib="conn" part="CONN_01X04"/>
      <sheetpath names="/" tstamps="/"/>
      <tstamp>5A2189CE</tstamp>
    </comp>
    <comp ref="C61">
      <value>1uF</value>
      <footprint>Capacitors_SMD:C_0603</footprint>
      <libsource lib="device" part="C_Small"/>
      <sheetpath names="/" tstamps="/"/>
      <tstamp>5A238549</tstamp>
    </comp>
    <comp ref="R24">
      <value>1G</value>
      <footprint>Resistors_SMD:R_2512_HandSoldering</footprint>
      <libsource lib="device" part="R_Small"/>
      <sheetpath names="/" tstamps="/"/>
      <tstamp>5A249B33</tstamp>
    </comp>
    <comp ref="P2">
      <value>CONN_01X10</value>
      <footprint>HVTest:Pin_Header_Straight_1x10_Pitch2.54mm-narrowforhv</footprint>
      <libsource lib="conn" part="CONN_01X10"/>
      <sheetpath names="/" tstamps="/"/>
      <tstamp>5A2531F9</tstamp>
    </comp>
    <comp ref="C26">
      <value>0.1uF</value>
      <footprint>Capacitors_SMD:C_1812</footprint>
      <libsource lib="device" part="C_Small"/>
      <sheetpath names="/" tstamps="/"/>
      <tstamp>5A2736BA</tstamp>
    </comp>
    <comp ref="C27">
      <value>0.1uF</value>
      <footprint>Capacitors_SMD:C_1812</footprint>
      <libsource lib="device" part="C_Small"/>
      <sheetpath names="/" tstamps="/"/>
      <tstamp>5A273B6D</tstamp>
    </comp>
    <comp ref="C28">
      <value>0.1uF</value>
      <footprint>Capacitors_SMD:C_1812</footprint>
      <libsource lib="device" part="C_Small"/>
      <sheetpath names="/" tstamps="/"/>
      <tstamp>5A273D71</tstamp>
    </comp>
    <comp ref="C29">
      <value>0.1uF</value>
      <footprint>Capacitors_SMD:C_1812</footprint>
      <libsource lib="device" part="C_Small"/>
      <sheetpath names="/" tstamps="/"/>
      <tstamp>5A273E89</tstamp>
    </comp>
    <comp ref="C30">
      <value>0.1uF</value>
      <footprint>Capacitors_SMD:C_1812</footprint>
      <libsource lib="device" part="C_Small"/>
      <sheetpath names="/" tstamps="/"/>
      <tstamp>5A273F94</tstamp>
    </comp>
    <comp ref="C31">
      <value>0.1uF</value>
      <footprint>Capacitors_SMD:C_1812</footprint>
      <libsource lib="device" part="C_Small"/>
      <sheetpath names="/" tstamps="/"/>
      <tstamp>5A2740A2</tstamp>
    </comp>
    <comp ref="C32">
      <value>0.1uF</value>
      <footprint>Capacitors_SMD:C_1812</footprint>
      <libsource lib="device" part="C_Small"/>
      <sheetpath names="/" tstamps="/"/>
      <tstamp>5A274F53</tstamp>
    </comp>
    <comp ref="C33">
      <value>0.1uF</value>
      <footprint>Capacitors_SMD:C_1812</footprint>
      <libsource lib="device" part="C_Small"/>
      <sheetpath names="/" tstamps="/"/>
      <tstamp>5A27506B</tstamp>
    </comp>
    <comp ref="C34">
      <value>0.1uF</value>
      <footprint>Capacitors_SMD:C_1812</footprint>
      <libsource lib="device" part="C_Small"/>
      <sheetpath names="/" tstamps="/"/>
      <tstamp>5A275188</tstamp>
    </comp>
    <comp ref="C35">
      <value>0.1uF</value>
      <footprint>Capacitors_SMD:C_1812</footprint>
      <libsource lib="device" part="C_Small"/>
      <sheetpath names="/" tstamps="/"/>
      <tstamp>5A2752A4</tstamp>
    </comp>
    <comp ref="C36">
      <value>0.1uF</value>
      <footprint>Capacitors_SMD:C_1812</footprint>
      <libsource lib="device" part="C_Small"/>
      <sheetpath names="/" tstamps="/"/>
      <tstamp>5A2753C1</tstamp>
    </comp>
    <comp ref="C25">
      <value>0.1uF</value>
      <footprint>Capacitors_SMD:C_1812</footprint>
      <libsource lib="device" part="C_Small"/>
      <sheetpath names="/" tstamps="/"/>
      <tstamp>5A27CCC8</tstamp>
    </comp>
    <comp ref="R13">
      <value>1M</value>
      <footprint>Resistors_SMD:R_0603</footprint>
      <libsource lib="device" part="R"/>
      <sheetpath names="/" tstamps="/"/>
      <tstamp>5A13EF64</tstamp>
    </comp>
    <comp ref="C48">
      <value>0.1uF</value>
      <footprint>Capacitors_SMD:C_1812</footprint>
      <libsource lib="device" part="C_Small"/>
      <sheetpath names="/" tstamps="/"/>
      <tstamp>5A1417F5</tstamp>
    </comp>
    <comp ref="C47">
      <value>0.1uF</value>
      <footprint>Capacitors_SMD:C_1812</footprint>
      <libsource lib="device" part="C_Small"/>
      <sheetpath names="/" tstamps="/"/>
      <tstamp>5A141D3E</tstamp>
    </comp>
    <comp ref="C46">
      <value>0.1uF</value>
      <footprint>Capacitors_SMD:C_1812</footprint>
      <libsource lib="device" part="C_Small"/>
      <sheetpath names="/" tstamps="/"/>
      <tstamp>5A141E69</tstamp>
    </comp>
    <comp ref="R12">
      <value>1M</value>
      <footprint>Resistors_SMD:R_0603</footprint>
      <libsource lib="device" part="R"/>
      <sheetpath names="/" tstamps="/"/>
      <tstamp>5A141F97</tstamp>
    </comp>
    <comp ref="R11">
      <value>1M</value>
      <footprint>Resistors_SMD:R_0603</footprint>
      <libsource lib="device" part="R"/>
      <sheetpath names="/" tstamps="/"/>
      <tstamp>5A1420CC</tstamp>
    </comp>
    <comp ref="R10">
      <value>1M</value>
      <footprint>Resistors_SMD:R_0603</footprint>
      <libsource lib="device" part="R"/>
      <sheetpath names="/" tstamps="/"/>
      <tstamp>5A14328A</tstamp>
    </comp>
    <comp ref="R9">
      <value>1M</value>
      <footprint>Resistors_SMD:R_0603</footprint>
      <libsource lib="device" part="R"/>
      <sheetpath names="/" tstamps="/"/>
      <tstamp>5A1433CF</tstamp>
    </comp>
    <comp ref="R8">
      <value>1M</value>
      <footprint>Resistors_SMD:R_0603</footprint>
      <libsource lib="device" part="R"/>
      <sheetpath names="/" tstamps="/"/>
      <tstamp>5A14350F</tstamp>
    </comp>
    <comp ref="R7">
      <value>1M</value>
      <footprint>Resistors_SMD:R_0603</footprint>
      <libsource lib="device" part="R"/>
      <sheetpath names="/" tstamps="/"/>
      <tstamp>5A143652</tstamp>
    </comp>
    <comp ref="C45">
      <value>0.1uF</value>
      <footprint>Capacitors_SMD:C_1812</footprint>
      <libsource lib="device" part="C_Small"/>
      <sheetpath names="/" tstamps="/"/>
      <tstamp>5A143796</tstamp>
    </comp>
    <comp ref="C44">
      <value>0.1uF</value>
      <footprint>Capacitors_SMD:C_1812</footprint>
      <libsource lib="device" part="C_Small"/>
      <sheetpath names="/" tstamps="/"/>
      <tstamp>5A1438D9</tstamp>
    </comp>
    <comp ref="C43">
      <value>0.1uF</value>
      <footprint>Capacitors_SMD:C_1812</footprint>
      <libsource lib="device" part="C_Small"/>
      <sheetpath names="/" tstamps="/"/>
      <tstamp>5A143A1D</tstamp>
    </comp>
    <comp ref="C42">
      <value>0.1uF</value>
      <footprint>Capacitors_SMD:C_1812</footprint>
      <libsource lib="device" part="C_Small"/>
      <sheetpath names="/" tstamps="/"/>
      <tstamp>5A143CA1</tstamp>
    </comp>
    <comp ref="R6">
      <value>1M</value>
      <footprint>Resistors_SMD:R_0603</footprint>
      <libsource lib="device" part="R"/>
      <sheetpath names="/" tstamps="/"/>
      <tstamp>5A1450AD</tstamp>
    </comp>
    <comp ref="R5">
      <value>1M</value>
      <footprint>Resistors_SMD:R_0603</footprint>
      <libsource lib="device" part="R"/>
      <sheetpath names="/" tstamps="/"/>
      <tstamp>5A14533F</tstamp>
    </comp>
    <comp ref="R4">
      <value>1M</value>
      <footprint>Resistors_SMD:R_0603</footprint>
      <libsource lib="device" part="R"/>
      <sheetpath names="/" tstamps="/"/>
      <tstamp>5A1455D7</tstamp>
    </comp>
    <comp ref="R3">
      <value>1M</value>
      <footprint>Resistors_SMD:R_0603</footprint>
      <libsource lib="device" part="R"/>
      <sheetpath names="/" tstamps="/"/>
      <tstamp>5A14587F</tstamp>
    </comp>
    <comp ref="C41">
      <value>0.1uF</value>
      <footprint>Capacitors_SMD:C_1812</footprint>
      <libsource lib="device" part="C_Small"/>
      <sheetpath names="/" tstamps="/"/>
      <tstamp>5A1459DF</tstamp>
    </comp>
    <comp ref="C40">
      <value>0.1uF</value>
      <footprint>Capacitors_SMD:C_1812</footprint>
      <libsource lib="device" part="C_Small"/>
      <sheetpath names="/" tstamps="/"/>
      <tstamp>5A145B36</tstamp>
    </comp>
    <comp ref="C39">
      <value>0.1uF</value>
      <footprint>Capacitors_SMD:C_1812</footprint>
      <libsource lib="device" part="C_Small"/>
      <sheetpath names="/" tstamps="/"/>
      <tstamp>5A145C9C</tstamp>
    </comp>
    <comp ref="C38">
      <value>0.1uF</value>
      <footprint>Capacitors_SMD:C_1812</footprint>
      <libsource lib="device" part="C_Small"/>
      <sheetpath names="/" tstamps="/"/>
      <tstamp>5A145E01</tstamp>
    </comp>
    <comp ref="R2">
      <value>1M</value>
      <footprint>Resistors_SMD:R_0603</footprint>
      <libsource lib="device" part="R"/>
      <sheetpath names="/" tstamps="/"/>
      <tstamp>5A1472C7</tstamp>
    </comp>
    <comp ref="C37">
      <value>0.1uF</value>
      <footprint>Capacitors_SMD:C_1812</footprint>
      <libsource lib="device" part="C_Small"/>
      <sheetpath names="/" tstamps="/"/>
      <tstamp>5A147434</tstamp>
    </comp>
    <comp ref="C62">
      <value>1uF</value>
      <footprint>Capacitors_SMD:C_0603</footprint>
      <libsource lib="device" part="C_Small"/>
      <sheetpath names="/" tstamps="/"/>
      <tstamp>5A16C7F3</tstamp>
    </comp>
    <comp ref="C64">
      <value>10uF</value>
      <footprint>Capacitors_SMD:C_1206</footprint>
      <libsource lib="device" part="C_Small"/>
      <sheetpath names="/" tstamps="/"/>
      <tstamp>5A17163F</tstamp>
    </comp>
    <comp ref="C65">
      <value>10uF</value>
      <footprint>Capacitors_SMD:C_1206</footprint>
      <libsource lib="device" part="C_Small"/>
      <sheetpath names="/" tstamps="/"/>
      <tstamp>5A172651</tstamp>
    </comp>
    <comp ref="C63">
      <value>10uF</value>
      <footprint>Capacitors_SMD:C_1206</footprint>
      <libsource lib="device" part="C_Small"/>
      <sheetpath names="/" tstamps="/"/>
      <tstamp>5A173C5F</tstamp>
    </comp>
    <comp ref="R26">
      <value>0</value>
      <footprint>Resistors_SMD:R_0603</footprint>
      <libsource lib="device" part="R_Small"/>
      <sheetpath names="/" tstamps="/"/>
      <tstamp>5A14E76E</tstamp>
    </comp>
    <comp ref="R27">
      <value>0</value>
      <footprint>Resistors_SMD:R_0603</footprint>
      <libsource lib="device" part="R_Small"/>
      <sheetpath names="/" tstamps="/"/>
      <tstamp>5A14ED5A</tstamp>
    </comp>
    <comp ref="W1">
      <value>TEST_1P</value>
      <footprint>HVTest:Test_Point_Keystone_5019_Minature</footprint>
      <libsource lib="conn" part="TEST_1P"/>
      <sheetpath names="/" tstamps="/"/>
      <tstamp>5A15D691</tstamp>
    </comp>
    <comp ref="W3">
      <value>TEST_1P</value>
      <footprint>Measurement_Points:Measurement_Point_Round-SMD-Pad_Small</footprint>
      <libsource lib="conn" part="TEST_1P"/>
      <sheetpath names="/" tstamps="/"/>
      <tstamp>5A162D33</tstamp>
    </comp>
    <comp ref="W2">
      <value>TEST_1P</value>
      <footprint>Measurement_Points:Measurement_Point_Round-SMD-Pad_Small</footprint>
      <libsource lib="conn" part="TEST_1P"/>
      <sheetpath names="/" tstamps="/"/>
      <tstamp>5A1631B1</tstamp>
    </comp>
    <comp ref="W4">
      <value>TEST_1P</value>
      <footprint>Measurement_Points:Measurement_Point_Round-SMD-Pad_Small</footprint>
      <libsource lib="conn" part="TEST_1P"/>
      <sheetpath names="/" tstamps="/"/>
      <tstamp>5A165C0C</tstamp>
    </comp>
    <comp ref="W5">
      <value>TEST_1P</value>
      <footprint>Measurement_Points:Measurement_Point_Round-SMD-Pad_Small</footprint>
      <libsource lib="conn" part="TEST_1P"/>
      <sheetpath names="/" tstamps="/"/>
      <tstamp>5A16774F</tstamp>
    </comp>
    <comp ref="W6">
      <value>TEST_1P</value>
      <footprint>Measurement_Points:Measurement_Point_Round-SMD-Pad_Small</footprint>
      <libsource lib="conn" part="TEST_1P"/>
      <sheetpath names="/" tstamps="/"/>
      <tstamp>5A167F78</tstamp>
    </comp>
    <comp ref="W7">
      <value>TEST_1P</value>
      <footprint>Measurement_Points:Measurement_Point_Round-SMD-Pad_Small</footprint>
      <libsource lib="conn" part="TEST_1P"/>
      <sheetpath names="/" tstamps="/"/>
      <tstamp>5A16C034</tstamp>
    </comp>
    <comp ref="C66">
      <value>0.1uF</value>
      <footprint>Capacitors_SMD:C_0402_NoSilk</footprint>
      <libsource lib="device" part="C_Small"/>
      <sheetpath names="/" tstamps="/"/>
      <tstamp>5A17154B</tstamp>
    </comp>
  </components>
  <libparts>
    <libpart lib="device" part="Battery">
      <fields>
        <field name="Reference">BT</field>
        <field name="Value">Battery</field>
      </fields>
      <pins>
        <pin num="1" name="~" type="passive"/>
        <pin num="2" name="~" type="passive"/>
      </pins>
    </libpart>
    <libpart lib="conn" part="CONN_01X04">
      <description>Connector, single row, 01x04</description>
      <footprints>
        <fp>Pin_Header_Straight_1X04</fp>
        <fp>Pin_Header_Angled_1X04</fp>
        <fp>Socket_Strip_Straight_1X04</fp>
        <fp>Socket_Strip_Angled_1X04</fp>
      </footprints>
      <fields>
        <field name="Reference">P</field>
        <field name="Value">CONN_01X04</field>
      </fields>
      <pins>
        <pin num="1" name="P1" type="passive"/>
        <pin num="2" name="P2" type="passive"/>
        <pin num="3" name="P3" type="passive"/>
        <pin num="4" name="P4" type="passive"/>
      </pins>
    </libpart>
    <libpart lib="conn" part="CONN_01X10">
      <description>Connector, single row, 01x10</description>
      <footprints>
        <fp>Pin_Header_Straight_1X10</fp>
        <fp>Pin_Header_Angled_1X10</fp>
        <fp>Socket_Strip_Straight_1X10</fp>
        <fp>Socket_Strip_Angled_1X10</fp>
      </footprints>
      <fields>
        <field name="Reference">P</field>
        <field name="Value">CONN_01X10</field>
      </fields>
      <pins>
        <pin num="1" name="P1" type="passive"/>
        <pin num="2" name="P2" type="passive"/>
        <pin num="3" name="P3" type="passive"/>
        <pin num="4" name="P4" type="passive"/>
        <pin num="5" name="P5" type="passive"/>
        <pin num="6" name="P6" type="passive"/>
        <pin num="7" name="P7" type="passive"/>
        <pin num="8" name="P8" type="passive"/>
        <pin num="9" name="P9" type="passive"/>
        <pin num="10" name="P10" type="passive"/>
      </pins>
    </libpart>
    <libpart lib="device" part="CP1_Small">
      <description>Polarised capacitor</description>
      <footprints>
        <fp>CP*</fp>
        <fp>C_Axial*</fp>
        <fp>C_Radial*</fp>
        <fp>TantalC*</fp>
        <fp>C*elec</fp>
        <fp>c_elec*</fp>
        <fp>SMD*_Pol</fp>
      </footprints>
      <fields>
        <field name="Reference">C</field>
        <field name="Value">CP1_Small</field>
      </fields>
      <pins>
        <pin num="1" name="~" type="passive"/>
        <pin num="2" name="~" type="passive"/>
      </pins>
    </libpart>
    <libpart lib="device" part="C_Small">
      <description>Unpolarized capacitor</description>
      <footprints>
        <fp>C?</fp>
        <fp>C_????_*</fp>
        <fp>C_????</fp>
        <fp>SMD*_c</fp>
        <fp>Capacitor*</fp>
      </footprints>
      <fields>
        <field name="Reference">C</field>
        <field name="Value">C_Small</field>
      </fields>
      <pins>
        <pin num="1" name="~" type="passive"/>
        <pin num="2" name="~" type="passive"/>
      </pins>
    </libpart>
    <libpart lib="HVTest" part="HIROSE-DF12">
      <fields>
        <field name="Reference">J</field>
        <field name="Value">HIROSE-DF12</field>
      </fields>
      <pins>
        <pin num="1" name="~" type="passive"/>
        <pin num="2" name="~" type="passive"/>
        <pin num="3" name="~" type="passive"/>
        <pin num="4" name="~" type="passive"/>
        <pin num="5" name="~" type="passive"/>
        <pin num="6" name="~" type="passive"/>
        <pin num="7" name="~" type="passive"/>
        <pin num="8" name="~" type="passive"/>
        <pin num="9" name="~" type="passive"/>
        <pin num="10" name="~" type="passive"/>
        <pin num="11" name="~" type="passive"/>
        <pin num="12" name="~" type="passive"/>
        <pin num="13" name="~" type="passive"/>
        <pin num="14" name="~" type="passive"/>
        <pin num="15" name="~" type="passive"/>
        <pin num="16" name="~" type="passive"/>
        <pin num="17" name="~" type="passive"/>
        <pin num="18" name="~" type="passive"/>
        <pin num="19" name="~" type="passive"/>
        <pin num="20" name="~" type="passive"/>
        <pin num="21" name="~" type="passive"/>
        <pin num="22" name="~" type="passive"/>
        <pin num="23" name="~" type="passive"/>
        <pin num="24" name="~" type="passive"/>
        <pin num="25" name="~" type="passive"/>
        <pin num="26" name="~" type="passive"/>
        <pin num="27" name="~" type="passive"/>
        <pin num="28" name="~" type="passive"/>
        <pin num="29" name="~" type="passive"/>
        <pin num="30" name="~" type="passive"/>
      </pins>
    </libpart>
    <libpart lib="device" part="L_Small">
      <description>Inductor</description>
      <footprints>
        <fp>Choke_*</fp>
        <fp>*Coil*</fp>
      </footprints>
      <fields>
        <field name="Reference">L</field>
        <field name="Value">L_Small</field>
      </fields>
      <pins>
        <pin num="1" name="~" type="passive"/>
        <pin num="2" name="~" type="passive"/>
      </pins>
    </libpart>
    <libpart lib="HVTest" part="MMBD3004S">
      <fields>
        <field name="Reference">D</field>
        <field name="Value">MMBD3004S</field>
      </fields>
      <pins>
        <pin num="1" name="~" type="passive"/>
        <pin num="2" name="~" type="passive"/>
        <pin num="3" name="~" type="passive"/>
      </pins>
    </libpart>
    <libpart lib="HVTest" part="NMOS-DMG3420U">
      <fields>
        <field name="Reference">Q</field>
        <field name="Value">NMOS-DMG3420U</field>
      </fields>
      <pins>
        <pin num="1" name="G" type="passive"/>
        <pin num="2" name="D" type="passive"/>
        <pin num="3" name="S" type="passive"/>
      </pins>
    </libpart>
    <libpart lib="CsIPSU-rescue" part="POT-RESCUE-CsIPSU">
      <fields>
        <field name="Reference">RV</field>
        <field name="Value">POT-RESCUE-CsIPSU</field>
      </fields>
      <pins>
        <pin num="1" name="1" type="passive"/>
        <pin num="2" name="2" type="passive"/>
        <pin num="3" name="3" type="passive"/>
      </pins>
    </libpart>
    <libpart lib="device" part="R">
      <description>Resistor</description>
      <footprints>
        <fp>R_*</fp>
        <fp>Resistor_*</fp>
      </footprints>
      <fields>
        <field name="Reference">R</field>
        <field name="Value">R</field>
      </fields>
      <pins>
        <pin num="1" name="~" type="passive"/>
        <pin num="2" name="~" type="passive"/>
      </pins>
    </libpart>
    <libpart lib="device" part="RF_SHIELD_TWO_PIECES">
      <description>Two-Piece EMI RF Shielding Cabinet</description>
      <fields>
        <field name="Reference">J</field>
        <field name="Value">RF_SHIELD_TWO_PIECES</field>
      </fields>
      <pins>
        <pin num="1" name="SHIELD" type="passive"/>
      </pins>
    </libpart>
    <libpart lib="device" part="R_Small">
      <description>Resistor</description>
      <footprints>
        <fp>Resistor_*</fp>
        <fp>R_*</fp>
      </footprints>
      <fields>
        <field name="Reference">R</field>
        <field name="Value">R_Small</field>
      </fields>
      <pins>
        <pin num="1" name="~" type="passive"/>
        <pin num="2" name="~" type="passive"/>
      </pins>
    </libpart>
    <libpart lib="HVTest" part="SN74AUP3G17">
      <fields>
        <field name="Reference">U</field>
        <field name="Value">SN74AUP3G17</field>
      </fields>
      <pins>
        <pin num="1" name="1A" type="input"/>
        <pin num="2" name="3Y" type="output"/>
        <pin num="3" name="2A" type="input"/>
        <pin num="4" name="GND" type="power_in"/>
        <pin num="5" name="2Y" type="output"/>
        <pin num="6" name="3A" type="input"/>
        <pin num="7" name="1Y" type="output"/>
        <pin num="8" name="VCC" type="power_in"/>
      </pins>
    </libpart>
    <libpart lib="HVTest" part="SP4T">
      <fields>
        <field name="Reference">S</field>
        <field name="Value">SP4T</field>
      </fields>
      <pins>
        <pin num="1" name="~" type="passive"/>
        <pin num="2" name="~" type="passive"/>
        <pin num="3" name="~" type="passive"/>
        <pin num="4" name="~" type="passive"/>
        <pin num="5" name="~" type="passive"/>
        <pin num="6" name="~" type="passive"/>
      </pins>
    </libpart>
    <libpart lib="conn" part="TEST_1P">
      <description>point</description>
      <fields>
        <field name="Reference">W</field>
        <field name="Value">TEST_1P</field>
      </fields>
      <pins>
        <pin num="1" name="1" type="passive"/>
      </pins>
    </libpart>
    <libpart lib="HVTest" part="TPS78225DDCR">
      <fields>
        <field name="Reference">U</field>
        <field name="Value">TPS78225DDCR</field>
      </fields>
      <pins>
        <pin num="1" name="IN" type="power_in"/>
        <pin num="2" name="GND" type="power_in"/>
        <pin num="3" name="EN" type="input"/>
        <pin num="4" name="GND" type="power_in"/>
        <pin num="5" name="OUT" type="power_out"/>
      </pins>
    </libpart>
    <libpart lib="device" part="TRANSFO">
      <fields>
        <field name="Reference">T</field>
        <field name="Value">TRANSFO</field>
      </fields>
      <pins>
        <pin num="1" name="AA" type="passive"/>
        <pin num="2" name="AB" type="passive"/>
        <pin num="3" name="SA" type="passive"/>
        <pin num="4" name="SB" type="passive"/>
      </pins>
    </libpart>
    <libpart lib="HVTest" part="switch_ic4/5">
      <fields>
        <field name="Reference">U</field>
        <field name="Value">switch_ic4/5</field>
      </fields>
      <pins>
        <pin num="1" name="GNDA" type="power_in"/>
        <pin num="2" name="VHIGH" type="input"/>
        <pin num="3" name="POSR1" type="input"/>
        <pin num="4" name="POSR2" type="output"/>
        <pin num="5" name="NEGR2" type="output"/>
        <pin num="6" name="NEGR1" type="input"/>
        <pin num="7" name="INTCAP1" type="input"/>
        <pin num="8" name="INTCAP2" type="output"/>
        <pin num="9" name="LSBOUT" type="output"/>
        <pin num="10" name="MSBOUT" type="output"/>
        <pin num="11" name="VDDA" type="power_in"/>
        <pin num="12" name="GND" type="power_in"/>
        <pin num="13" name="RESET" type="input"/>
        <pin num="14" name="RIN" type="passive"/>
        <pin num="15" name="VDD" type="power_in"/>
        <pin num="16" name="SWITCH" type="output"/>
        <pin num="17" name="CIN" type="BiDi"/>
        <pin num="18" name="SCLK" type="input"/>
        <pin num="19" name="MOSI" type="input"/>
        <pin num="20" name="~CSN" type="input"/>
        <pin num="21" name="GND" type="power_in"/>
      </pins>
    </libpart>
  </libparts>
  <libraries>
    <library logical="CsIPSU-rescue">
      <uri>C:\Users\Daniel\Google Drive\IC Research\CsIPSUV2\CsIPSU-rescue.lib</uri>
    </library>
    <library logical="device">
      <uri>C:\Program Files\KiCad\share\kicad\library\device.lib</uri>
    </library>
    <library logical="conn">
      <uri>C:\Program Files\KiCad\share\kicad\library\conn.lib</uri>
    </library>
    <library logical="HVTest">
      <uri>C:\Users\Daniel\Google Drive\IC Research\HVTest\HVTest.lib</uri>
    </library>
  </libraries>
  <nets>
    <net code="1" name="VDDD">
      <node ref="U1" pin="15"/>
      <node ref="R16" pin="2"/>
      <node ref="C53" pin="2"/>
      <node ref="C54" pin="2"/>
      <node ref="RV3" pin="3"/>
    </net>
    <net code="2" name="Net-(C57-Pad1)">
      <node ref="U1" pin="17"/>
      <node ref="C57" pin="1"/>
    </net>
    <net code="3" name="Net-(RV2-Pad2)">
      <node ref="RV2" pin="2"/>
      <node ref="U1" pin="16"/>
    </net>
    <net code="4" name="VDDA">
      <node ref="U1" pin="11"/>
      <node ref="C52" pin="2"/>
      <node ref="C50" pin="2"/>
      <node ref="R17" pin="2"/>
    </net>
    <net code="5" name="RIN">
      <node ref="U1" pin="14"/>
      <node ref="RV3" pin="2"/>
      <node ref="C57" pin="2"/>
    </net>
    <net code="6" name="RESET">
      <node ref="U1" pin="13"/>
      <node ref="R23" pin="2"/>
    </net>
    <net code="7" name="HVR">
      <node ref="R21" pin="1"/>
      <node ref="R18" pin="2"/>
      <node ref="R24" pin="1"/>
      <node ref="C66" pin="2"/>
      <node ref="R22" pin="1"/>
      <node ref="U1" pin="3"/>
    </net>
    <net code="8" name="Net-(R15-Pad2)">
      <node ref="RV1" pin="1"/>
      <node ref="R15" pin="2"/>
    </net>
    <net code="9" name="Net-(R14-Pad1)">
      <node ref="R14" pin="1"/>
      <node ref="RV1" pin="3"/>
    </net>
    <net code="10" name="~CSNIN">
      <node ref="P1" pin="1"/>
      <node ref="J2" pin="21"/>
      <node ref="U2" pin="6"/>
    </net>
    <net code="11" name="MOSIIN">
      <node ref="U2" pin="3"/>
      <node ref="P1" pin="2"/>
      <node ref="J2" pin="19"/>
    </net>
    <net code="12" name="SCLKIN">
      <node ref="U2" pin="1"/>
      <node ref="J2" pin="17"/>
      <node ref="P1" pin="3"/>
    </net>
    <net code="13" name="~CSN">
      <node ref="U2" pin="2"/>
      <node ref="U1" pin="20"/>
    </net>
    <net code="14" name="SCLK">
      <node ref="U2" pin="7"/>
      <node ref="U1" pin="18"/>
    </net>
    <net code="15" name="MOSI">
      <node ref="U2" pin="5"/>
      <node ref="U1" pin="19"/>
    </net>
    <net code="16" name="Net-(C56-Pad1)">
      <node ref="U1" pin="9"/>
      <node ref="R21" pin="2"/>
      <node ref="W2" pin="1"/>
      <node ref="C56" pin="1"/>
    </net>
    <net code="17" name="Net-(C58-Pad1)">
      <node ref="C58" pin="1"/>
      <node ref="U1" pin="10"/>
      <node ref="R22" pin="2"/>
      <node ref="W3" pin="1"/>
    </net>
    <net code="18" name="+3V3">
      <node ref="W1" pin="1"/>
      <node ref="S1" pin="2"/>
      <node ref="J2" pin="3"/>
      <node ref="J2" pin="5"/>
      <node ref="J2" pin="1"/>
    </net>
    <net code="19" name="Net-(C17-Pad1)">
      <node ref="D9" pin="2"/>
      <node ref="C19" pin="2"/>
      <node ref="C17" pin="1"/>
    </net>
    <net code="20" name="Net-(C19-Pad1)">
      <node ref="C19" pin="1"/>
      <node ref="C21" pin="2"/>
      <node ref="D10" pin="2"/>
    </net>
    <net code="21" name="Net-(C21-Pad1)">
      <node ref="C21" pin="1"/>
      <node ref="D11" pin="2"/>
      <node ref="C23" pin="2"/>
    </net>
    <net code="22" name="Net-(C23-Pad1)">
      <node ref="C23" pin="1"/>
      <node ref="D12" pin="2"/>
    </net>
    <net code="23" name="Net-(R20-Pad1)">
      <node ref="R20" pin="1"/>
      <node ref="U1" pin="5"/>
    </net>
    <net code="24" name="Net-(C10-Pad1)">
      <node ref="D5" pin="3"/>
      <node ref="D6" pin="1"/>
      <node ref="C12" pin="2"/>
      <node ref="C29" pin="1"/>
      <node ref="C10" pin="1"/>
      <node ref="R6" pin="1"/>
    </net>
    <net code="25" name="Net-(C10-Pad2)">
      <node ref="C8" pin="1"/>
      <node ref="C10" pin="2"/>
      <node ref="D5" pin="1"/>
      <node ref="D4" pin="3"/>
      <node ref="R5" pin="1"/>
      <node ref="C28" pin="1"/>
    </net>
    <net code="26" name="Net-(C18-Pad1)">
      <node ref="D10" pin="1"/>
      <node ref="C33" pin="1"/>
      <node ref="D9" pin="3"/>
      <node ref="C20" pin="2"/>
      <node ref="C18" pin="1"/>
      <node ref="R10" pin="1"/>
    </net>
    <net code="27" name="Net-(C20-Pad1)">
      <node ref="D10" pin="3"/>
      <node ref="D11" pin="1"/>
      <node ref="C34" pin="1"/>
      <node ref="C22" pin="2"/>
      <node ref="C20" pin="1"/>
      <node ref="R11" pin="1"/>
    </net>
    <net code="28" name="Net-(C22-Pad1)">
      <node ref="C35" pin="1"/>
      <node ref="D11" pin="3"/>
      <node ref="C24" pin="2"/>
      <node ref="C22" pin="1"/>
      <node ref="R12" pin="1"/>
      <node ref="D12" pin="1"/>
    </net>
    <net code="29" name="Net-(C12-Pad1)">
      <node ref="D6" pin="3"/>
      <node ref="D7" pin="1"/>
      <node ref="C30" pin="1"/>
      <node ref="C12" pin="1"/>
      <node ref="R7" pin="1"/>
      <node ref="C14" pin="2"/>
    </net>
    <net code="30" name="Net-(R19-Pad1)">
      <node ref="R20" pin="2"/>
      <node ref="R19" pin="1"/>
      <node ref="U1" pin="6"/>
    </net>
    <net code="31" name="Net-(R18-Pad1)">
      <node ref="R19" pin="2"/>
      <node ref="R18" pin="1"/>
      <node ref="U1" pin="4"/>
    </net>
    <net code="32" name="Net-(C55-Pad1)">
      <node ref="C55" pin="1"/>
      <node ref="U1" pin="8"/>
    </net>
    <net code="33" name="Net-(C55-Pad2)">
      <node ref="U1" pin="7"/>
      <node ref="C55" pin="2"/>
    </net>
    <net code="34" name="Net-(Q1-Pad2)">
      <node ref="Q1" pin="2"/>
      <node ref="T1" pin="2"/>
    </net>
    <net code="35" name="+2V5">
      <node ref="W5" pin="1"/>
      <node ref="C60" pin="2"/>
      <node ref="U3" pin="5"/>
      <node ref="S1" pin="1"/>
    </net>
    <net code="36" name="Net-(C49-Pad1)">
      <node ref="L1" pin="1"/>
      <node ref="T1" pin="1"/>
      <node ref="C49" pin="1"/>
    </net>
    <net code="37" name="Net-(C27-Pad1)">
      <node ref="R4" pin="1"/>
      <node ref="C27" pin="1"/>
      <node ref="D3" pin="3"/>
      <node ref="D4" pin="1"/>
      <node ref="C8" pin="2"/>
      <node ref="C6" pin="1"/>
    </net>
    <net code="38" name="Net-(C16-Pad1)">
      <node ref="C16" pin="1"/>
      <node ref="C32" pin="1"/>
      <node ref="C18" pin="2"/>
      <node ref="R9" pin="1"/>
      <node ref="D9" pin="1"/>
      <node ref="D8" pin="3"/>
    </net>
    <net code="39" name="Net-(C14-Pad1)">
      <node ref="D8" pin="1"/>
      <node ref="C31" pin="1"/>
      <node ref="C16" pin="2"/>
      <node ref="R8" pin="1"/>
      <node ref="D7" pin="3"/>
      <node ref="C14" pin="1"/>
    </net>
    <net code="40" name="ST1">
      <node ref="R2" pin="2"/>
      <node ref="C37" pin="1"/>
    </net>
    <net code="41" name="ST2">
      <node ref="R3" pin="2"/>
      <node ref="P2" pin="6"/>
      <node ref="C38" pin="1"/>
    </net>
    <net code="42" name="ST3">
      <node ref="R4" pin="2"/>
      <node ref="C39" pin="1"/>
    </net>
    <net code="43" name="ST6">
      <node ref="C42" pin="1"/>
      <node ref="P2" pin="3"/>
      <node ref="R7" pin="2"/>
    </net>
    <net code="44" name="ST5">
      <node ref="R6" pin="2"/>
      <node ref="C41" pin="1"/>
      <node ref="P2" pin="4"/>
    </net>
    <net code="45" name="ST4">
      <node ref="R5" pin="2"/>
      <node ref="P2" pin="5"/>
      <node ref="C40" pin="1"/>
    </net>
    <net code="46" name="ST10">
      <node ref="R11" pin="2"/>
      <node ref="P2" pin="9"/>
      <node ref="C46" pin="1"/>
    </net>
    <net code="47" name="ST9">
      <node ref="R10" pin="2"/>
      <node ref="P2" pin="10"/>
      <node ref="C45" pin="1"/>
    </net>
    <net code="48" name="ST8">
      <node ref="C44" pin="1"/>
      <node ref="P2" pin="1"/>
      <node ref="R9" pin="2"/>
    </net>
    <net code="49" name="ST7">
      <node ref="P2" pin="2"/>
      <node ref="R8" pin="2"/>
      <node ref="C43" pin="1"/>
    </net>
    <net code="50" name="ST11">
      <node ref="R12" pin="2"/>
      <node ref="C47" pin="1"/>
    </net>
    <net code="51" name="GND">
      <node ref="R1" pin="2"/>
      <node ref="J1" pin="1"/>
      <node ref="C43" pin="2"/>
      <node ref="C44" pin="2"/>
      <node ref="T1" pin="3"/>
      <node ref="C45" pin="2"/>
      <node ref="Q1" pin="3"/>
      <node ref="C42" pin="2"/>
      <node ref="C31" pin="2"/>
      <node ref="C30" pin="2"/>
      <node ref="C29" pin="2"/>
      <node ref="C28" pin="2"/>
      <node ref="C27" pin="2"/>
      <node ref="C26" pin="2"/>
      <node ref="C33" pin="2"/>
      <node ref="U1" pin="1"/>
      <node ref="C49" pin="2"/>
      <node ref="C2" pin="2"/>
      <node ref="C47" pin="2"/>
      <node ref="C46" pin="2"/>
      <node ref="U1" pin="12"/>
      <node ref="U1" pin="21"/>
      <node ref="P2" pin="7"/>
      <node ref="U3" pin="2"/>
      <node ref="U2" pin="4"/>
      <node ref="U3" pin="4"/>
      <node ref="C59" pin="1"/>
      <node ref="C61" pin="1"/>
      <node ref="D1" pin="1"/>
      <node ref="C60" pin="1"/>
      <node ref="P1" pin="4"/>
      <node ref="C48" pin="2"/>
      <node ref="C38" pin="2"/>
      <node ref="C39" pin="2"/>
      <node ref="C40" pin="2"/>
      <node ref="C41" pin="2"/>
      <node ref="C25" pin="2"/>
      <node ref="C36" pin="2"/>
      <node ref="C35" pin="2"/>
      <node ref="C34" pin="2"/>
      <node ref="C32" pin="2"/>
      <node ref="C37" pin="2"/>
      <node ref="C54" pin="1"/>
      <node ref="C50" pin="1"/>
      <node ref="C53" pin="1"/>
      <node ref="C65" pin="1"/>
      <node ref="C64" pin="1"/>
      <node ref="C56" pin="2"/>
      <node ref="C58" pin="2"/>
      <node ref="BT1" pin="2"/>
      <node ref="R15" pin="1"/>
      <node ref="C51" pin="2"/>
      <node ref="C66" pin="1"/>
      <node ref="R23" pin="1"/>
      <node ref="C62" pin="1"/>
      <node ref="C52" pin="1"/>
      <node ref="C63" pin="1"/>
      <node ref="J2" pin="4"/>
      <node ref="J2" pin="6"/>
      <node ref="J2" pin="2"/>
    </net>
    <net code="52" name="Net-(C24-Pad1)">
      <node ref="R26" pin="2"/>
      <node ref="D12" pin="3"/>
      <node ref="C36" pin="1"/>
      <node ref="C24" pin="1"/>
      <node ref="R13" pin="1"/>
    </net>
    <net code="53" name="Net-(R24-Pad2)">
      <node ref="R27" pin="1"/>
      <node ref="R24" pin="2"/>
      <node ref="R26" pin="1"/>
    </net>
    <net code="54" name="ST12">
      <node ref="R27" pin="2"/>
      <node ref="R13" pin="2"/>
      <node ref="C48" pin="1"/>
      <node ref="P2" pin="8"/>
    </net>
    <net code="55" name="Net-(C51-Pad1)">
      <node ref="RV1" pin="2"/>
      <node ref="W6" pin="1"/>
      <node ref="C51" pin="1"/>
      <node ref="U1" pin="2"/>
    </net>
    <net code="56" name="SWITCH">
      <node ref="R1" pin="1"/>
      <node ref="Q1" pin="1"/>
      <node ref="W7" pin="1"/>
      <node ref="RV2" pin="3"/>
    </net>
    <net code="57" name="VDD">
      <node ref="U2" pin="8"/>
      <node ref="R16" pin="1"/>
      <node ref="R14" pin="2"/>
      <node ref="C62" pin="2"/>
      <node ref="R17" pin="1"/>
      <node ref="S1" pin="3"/>
      <node ref="S1" pin="4"/>
      <node ref="L1" pin="2"/>
      <node ref="C64" pin="2"/>
      <node ref="C65" pin="2"/>
      <node ref="W4" pin="1"/>
    </net>
    <net code="58" name="Net-(C2-Pad1)">
      <node ref="D1" pin="3"/>
      <node ref="D2" pin="1"/>
      <node ref="R2" pin="1"/>
      <node ref="C2" pin="1"/>
      <node ref="C25" pin="1"/>
      <node ref="C4" pin="2"/>
    </net>
    <net code="59" name="Net-(C26-Pad1)">
      <node ref="C6" pin="2"/>
      <node ref="C26" pin="1"/>
      <node ref="C4" pin="1"/>
      <node ref="D2" pin="3"/>
      <node ref="R3" pin="1"/>
      <node ref="D3" pin="1"/>
    </net>
    <net code="60" name="+BATT">
      <node ref="C63" pin="2"/>
      <node ref="U3" pin="3"/>
      <node ref="U3" pin="1"/>
      <node ref="S1" pin="5"/>
      <node ref="BT1" pin="1"/>
      <node ref="C61" pin="2"/>
      <node ref="C59" pin="2"/>
    </net>
    <net code="61" name="Net-(RV3-Pad1)">
      <node ref="RV3" pin="1"/>
    </net>
    <net code="62" name="Net-(RV2-Pad1)">
      <node ref="RV2" pin="1"/>
    </net>
    <net code="63" name="Net-(J2-Pad18)">
      <node ref="J2" pin="18"/>
    </net>
    <net code="64" name="Net-(J2-Pad11)">
      <node ref="J2" pin="11"/>
    </net>
    <net code="65" name="Net-(J2-Pad12)">
      <node ref="J2" pin="12"/>
    </net>
    <net code="66" name="Net-(J2-Pad22)">
      <node ref="J2" pin="22"/>
    </net>
    <net code="67" name="Net-(J2-Pad13)">
      <node ref="J2" pin="13"/>
    </net>
    <net code="68" name="Net-(J2-Pad23)">
      <node ref="J2" pin="23"/>
    </net>
    <net code="69" name="Net-(J2-Pad14)">
      <node ref="J2" pin="14"/>
    </net>
    <net code="70" name="Net-(J2-Pad24)">
      <node ref="J2" pin="24"/>
    </net>
    <net code="71" name="Net-(J2-Pad15)">
      <node ref="J2" pin="15"/>
    </net>
    <net code="72" name="Net-(J2-Pad25)">
      <node ref="J2" pin="25"/>
    </net>
    <net code="73" name="Net-(J2-Pad16)">
      <node ref="J2" pin="16"/>
    </net>
    <net code="74" name="Net-(J2-Pad26)">
      <node ref="J2" pin="26"/>
    </net>
    <net code="75" name="Net-(J2-Pad27)">
      <node ref="J2" pin="27"/>
    </net>
    <net code="76" name="Net-(J2-Pad30)">
      <node ref="J2" pin="30"/>
    </net>
    <net code="77" name="Net-(J2-Pad28)">
      <node ref="J2" pin="28"/>
    </net>
    <net code="78" name="Net-(J2-Pad29)">
      <node ref="J2" pin="29"/>
    </net>
    <net code="79" name="Net-(J2-Pad7)">
      <node ref="J2" pin="7"/>
    </net>
    <net code="80" name="Net-(J2-Pad9)">
      <node ref="J2" pin="9"/>
    </net>
    <net code="81" name="Net-(J2-Pad8)">
      <node ref="J2" pin="8"/>
    </net>
    <net code="82" name="Net-(J2-Pad10)">
      <node ref="J2" pin="10"/>
    </net>
    <net code="83" name="Net-(J2-Pad20)">
      <node ref="J2" pin="20"/>
    </net>
    <net code="84" name="Net-(C13-Pad1)">
      <node ref="C13" pin="1"/>
      <node ref="C15" pin="2"/>
      <node ref="D7" pin="2"/>
    </net>
    <net code="85" name="Net-(C15-Pad1)">
      <node ref="D8" pin="2"/>
      <node ref="C17" pin="2"/>
      <node ref="C15" pin="1"/>
    </net>
    <net code="86" name="Net-(C1-Pad1)">
      <node ref="C3" pin="2"/>
      <node ref="D1" pin="2"/>
      <node ref="C1" pin="1"/>
    </net>
    <net code="87" name="Net-(C1-Pad2)">
      <node ref="T1" pin="4"/>
      <node ref="C1" pin="2"/>
    </net>
    <net code="88" name="Net-(C3-Pad1)">
      <node ref="D2" pin="2"/>
      <node ref="C5" pin="2"/>
      <node ref="C3" pin="1"/>
    </net>
    <net code="89" name="Net-(C5-Pad1)">
      <node ref="D3" pin="2"/>
      <node ref="C5" pin="1"/>
      <node ref="C7" pin="2"/>
    </net>
    <net code="90" name="Net-(C7-Pad1)">
      <node ref="C9" pin="2"/>
      <node ref="C7" pin="1"/>
      <node ref="D4" pin="2"/>
    </net>
    <net code="91" name="Net-(C11-Pad2)">
      <node ref="C9" pin="1"/>
      <node ref="C11" pin="2"/>
      <node ref="D5" pin="2"/>
    </net>
    <net code="92" name="Net-(C11-Pad1)">
      <node ref="C11" pin="1"/>
      <node ref="D6" pin="2"/>
      <node ref="C13" pin="2"/>
    </net>
    <net code="93" name="Net-(S1-Pad6)">
      <node ref="S1" pin="6"/>
    </net>
  </nets>
</export>
