<?xml version="1.0" encoding="UTF-8"?>
<export version="D">
  <design>
    <source>C:/Users/User/Google Drive/IC Research/Clean HV Designs/HVPSU-Projects/RPSU-socket/RPSU-socket.sch</source>
    <date>2/6/2019 12:20:15 AM</date>
    <tool>Eeschema 4.0.2-stable</tool>
    <sheet number="1" name="/" tstamps="/">
      <title_block>
        <title/>
        <company/>
        <rev/>
        <date/>
        <source>RPSU-socket.sch</source>
        <comment number="1" value=""/>
        <comment number="2" value=""/>
        <comment number="3" value=""/>
        <comment number="4" value=""/>
      </title_block>
    </sheet>
  </design>
  <components>
    <comp ref="C3">
      <value>0.1uF</value>
      <footprint>RPSU-socket:C_1812_sideways</footprint>
      <libsource lib="device" part="C_Small"/>
      <sheetpath names="/" tstamps="/"/>
      <tstamp>5A149129</tstamp>
    </comp>
    <comp ref="R3">
      <value>1M</value>
      <footprint>Resistors_SMD:R_0603</footprint>
      <libsource lib="device" part="R"/>
      <sheetpath names="/" tstamps="/"/>
      <tstamp>5A1491BD</tstamp>
    </comp>
    <comp ref="C4">
      <value>0.1uF</value>
      <footprint>RPSU-socket:C_1812_sideways</footprint>
      <libsource lib="device" part="C_Small"/>
      <sheetpath names="/" tstamps="/"/>
      <tstamp>5A1495D5</tstamp>
    </comp>
    <comp ref="R4">
      <value>1M</value>
      <footprint>Resistors_SMD:R_0603</footprint>
      <libsource lib="device" part="R"/>
      <sheetpath names="/" tstamps="/"/>
      <tstamp>5A1495DB</tstamp>
    </comp>
    <comp ref="C5">
      <value>0.1uF</value>
      <footprint>RPSU-socket:C_1812_sideways</footprint>
      <libsource lib="device" part="C_Small"/>
      <sheetpath names="/" tstamps="/"/>
      <tstamp>5A149728</tstamp>
    </comp>
    <comp ref="R5">
      <value>1M</value>
      <footprint>Resistors_SMD:R_0603</footprint>
      <libsource lib="device" part="R"/>
      <sheetpath names="/" tstamps="/"/>
      <tstamp>5A14972E</tstamp>
    </comp>
    <comp ref="C6">
      <value>0.1uF</value>
      <footprint>RPSU-socket:C_1812_sideways</footprint>
      <libsource lib="device" part="C_Small"/>
      <sheetpath names="/" tstamps="/"/>
      <tstamp>5A14973F</tstamp>
    </comp>
    <comp ref="R6">
      <value>1M</value>
      <footprint>Resistors_SMD:R_0603</footprint>
      <libsource lib="device" part="R"/>
      <sheetpath names="/" tstamps="/"/>
      <tstamp>5A149745</tstamp>
    </comp>
    <comp ref="C1">
      <value>0.1uF</value>
      <footprint>RPSU-socket:C_1812_sideways</footprint>
      <libsource lib="device" part="C_Small"/>
      <sheetpath names="/" tstamps="/"/>
      <tstamp>5A1498EA</tstamp>
    </comp>
    <comp ref="R1">
      <value>1M</value>
      <footprint>Resistors_SMD:R_0603</footprint>
      <libsource lib="device" part="R"/>
      <sheetpath names="/" tstamps="/"/>
      <tstamp>5A1498F0</tstamp>
    </comp>
    <comp ref="C2">
      <value>0.1uF</value>
      <footprint>RPSU-socket:C_1812_sideways</footprint>
      <libsource lib="device" part="C_Small"/>
      <sheetpath names="/" tstamps="/"/>
      <tstamp>5A149901</tstamp>
    </comp>
    <comp ref="R2">
      <value>1M</value>
      <footprint>Resistors_SMD:R_0603</footprint>
      <libsource lib="device" part="R"/>
      <sheetpath names="/" tstamps="/"/>
      <tstamp>5A149907</tstamp>
    </comp>
    <comp ref="C9">
      <value>0.1uF</value>
      <footprint>RPSU-socket:C_1812_sideways</footprint>
      <libsource lib="device" part="C_Small"/>
      <sheetpath names="/" tstamps="/"/>
      <tstamp>5A149C18</tstamp>
    </comp>
    <comp ref="R9">
      <value>1M</value>
      <footprint>Resistors_SMD:R_0603</footprint>
      <libsource lib="device" part="R"/>
      <sheetpath names="/" tstamps="/"/>
      <tstamp>5A149C1E</tstamp>
    </comp>
    <comp ref="C10">
      <value>0.1uF</value>
      <footprint>RPSU-socket:C_1812_sideways</footprint>
      <libsource lib="device" part="C_Small"/>
      <sheetpath names="/" tstamps="/"/>
      <tstamp>5A149C2F</tstamp>
    </comp>
    <comp ref="R10">
      <value>1M</value>
      <footprint>Resistors_SMD:R_0603</footprint>
      <libsource lib="device" part="R"/>
      <sheetpath names="/" tstamps="/"/>
      <tstamp>5A149C35</tstamp>
    </comp>
    <comp ref="C11">
      <value>0.1uF</value>
      <footprint>RPSU-socket:C_1812_sideways</footprint>
      <libsource lib="device" part="C_Small"/>
      <sheetpath names="/" tstamps="/"/>
      <tstamp>5A149C46</tstamp>
    </comp>
    <comp ref="R11">
      <value>1M</value>
      <footprint>Resistors_SMD:R_0603</footprint>
      <libsource lib="device" part="R"/>
      <sheetpath names="/" tstamps="/"/>
      <tstamp>5A149C4C</tstamp>
    </comp>
    <comp ref="C12">
      <value>0.1uF</value>
      <footprint>RPSU-socket:C_1812_sideways</footprint>
      <libsource lib="device" part="C_Small"/>
      <sheetpath names="/" tstamps="/"/>
      <tstamp>5A149C5D</tstamp>
    </comp>
    <comp ref="R12">
      <value>1M</value>
      <footprint>Resistors_SMD:R_0603</footprint>
      <libsource lib="device" part="R"/>
      <sheetpath names="/" tstamps="/"/>
      <tstamp>5A149C63</tstamp>
    </comp>
    <comp ref="C7">
      <value>0.1uF</value>
      <footprint>RPSU-socket:C_1812_sideways</footprint>
      <libsource lib="device" part="C_Small"/>
      <sheetpath names="/" tstamps="/"/>
      <tstamp>5A149C74</tstamp>
    </comp>
    <comp ref="R7">
      <value>1M</value>
      <footprint>Resistors_SMD:R_0603</footprint>
      <libsource lib="device" part="R"/>
      <sheetpath names="/" tstamps="/"/>
      <tstamp>5A149C7A</tstamp>
    </comp>
    <comp ref="C8">
      <value>0.1uF</value>
      <footprint>RPSU-socket:C_1812_sideways</footprint>
      <libsource lib="device" part="C_Small"/>
      <sheetpath names="/" tstamps="/"/>
      <tstamp>5A149C8B</tstamp>
    </comp>
    <comp ref="R8">
      <value>1M</value>
      <footprint>Resistors_SMD:R_0603</footprint>
      <libsource lib="device" part="R"/>
      <sheetpath names="/" tstamps="/"/>
      <tstamp>5A149C91</tstamp>
    </comp>
    <comp ref="P15">
      <value>1</value>
      <footprint>HVTest:Pin_Header_Straight_1x01</footprint>
      <libsource lib="conn" part="CONN_01X01"/>
      <sheetpath names="/" tstamps="/"/>
      <tstamp>5A154BD6</tstamp>
    </comp>
    <comp ref="P16">
      <value>1</value>
      <footprint>HVTest:Pin_Header_Straight_1x01</footprint>
      <libsource lib="conn" part="CONN_01X01"/>
      <sheetpath names="/" tstamps="/"/>
      <tstamp>5A154BDC</tstamp>
    </comp>
    <comp ref="P17">
      <value>1</value>
      <footprint>HVTest:Pin_Header_Straight_1x01</footprint>
      <libsource lib="conn" part="CONN_01X01"/>
      <sheetpath names="/" tstamps="/"/>
      <tstamp>5A154BE2</tstamp>
    </comp>
    <comp ref="P18">
      <value>1</value>
      <footprint>HVTest:Pin_Header_Straight_1x01</footprint>
      <libsource lib="conn" part="CONN_01X01"/>
      <sheetpath names="/" tstamps="/"/>
      <tstamp>5A154BE8</tstamp>
    </comp>
    <comp ref="P19">
      <value>1</value>
      <footprint>HVTest:Pin_Header_Straight_1x01</footprint>
      <libsource lib="conn" part="CONN_01X01"/>
      <sheetpath names="/" tstamps="/"/>
      <tstamp>5A154BEE</tstamp>
    </comp>
    <comp ref="P20">
      <value>1</value>
      <footprint>HVTest:Pin_Header_Straight_1x01</footprint>
      <libsource lib="conn" part="CONN_01X01"/>
      <sheetpath names="/" tstamps="/"/>
      <tstamp>5A154BF4</tstamp>
    </comp>
    <comp ref="P21">
      <value>1</value>
      <footprint>HVTest:Pin_Header_Straight_1x01</footprint>
      <libsource lib="conn" part="CONN_01X01"/>
      <sheetpath names="/" tstamps="/"/>
      <tstamp>5A154BFA</tstamp>
    </comp>
    <comp ref="P22">
      <value>1</value>
      <footprint>HVTest:Pin_Header_Straight_1x01</footprint>
      <libsource lib="conn" part="CONN_01X01"/>
      <sheetpath names="/" tstamps="/"/>
      <tstamp>5A154C00</tstamp>
    </comp>
    <comp ref="P23">
      <value>1</value>
      <footprint>HVTest:Pin_Header_Straight_1x01</footprint>
      <libsource lib="conn" part="CONN_01X01"/>
      <sheetpath names="/" tstamps="/"/>
      <tstamp>5A154C06</tstamp>
    </comp>
    <comp ref="P25">
      <value>1</value>
      <footprint>HVTest:Pin_Header_Straight_1x01</footprint>
      <libsource lib="conn" part="CONN_01X01"/>
      <sheetpath names="/" tstamps="/"/>
      <tstamp>5A154C12</tstamp>
    </comp>
    <comp ref="P26">
      <value>1</value>
      <footprint>HVTest:Pin_Header_Straight_1x01</footprint>
      <libsource lib="conn" part="CONN_01X01"/>
      <sheetpath names="/" tstamps="/"/>
      <tstamp>5A154C18</tstamp>
    </comp>
    <comp ref="P14">
      <value>1</value>
      <footprint>HVTest:Pin_Header_Straight_1x01</footprint>
      <libsource lib="conn" part="CONN_01X01"/>
      <sheetpath names="/" tstamps="/"/>
      <tstamp>5A157517</tstamp>
    </comp>
    <comp ref="P13">
      <value>1</value>
      <footprint>HVTest:Pin_Header_Straight_1x01</footprint>
      <libsource lib="conn" part="CONN_01X01"/>
      <sheetpath names="/" tstamps="/"/>
      <tstamp>5A1575BE</tstamp>
    </comp>
    <comp ref="R13">
      <value>2M</value>
      <footprint>Resistors_SMD:R_0603</footprint>
      <libsource lib="device" part="R"/>
      <sheetpath names="/" tstamps="/"/>
      <tstamp>5A15AA07</tstamp>
    </comp>
    <comp ref="C19">
      <value>0.1uF</value>
      <footprint>RPSU-socket:C_1812_sideways</footprint>
      <libsource lib="device" part="C_Small"/>
      <sheetpath names="/" tstamps="/"/>
      <tstamp>5A171A93</tstamp>
    </comp>
    <comp ref="C13">
      <value>0.1uF</value>
      <footprint>RPSU-socket:C_1812_sideways</footprint>
      <libsource lib="device" part="C_Small"/>
      <sheetpath names="/" tstamps="/"/>
      <tstamp>5A171B5B</tstamp>
    </comp>
    <comp ref="C14">
      <value>0.1uF</value>
      <footprint>RPSU-socket:C_1812_sideways</footprint>
      <libsource lib="device" part="C_Small"/>
      <sheetpath names="/" tstamps="/"/>
      <tstamp>5A171C03</tstamp>
    </comp>
    <comp ref="C15">
      <value>0.1uF</value>
      <footprint>RPSU-socket:C_1812_sideways</footprint>
      <libsource lib="device" part="C_Small"/>
      <sheetpath names="/" tstamps="/"/>
      <tstamp>5A171CAB</tstamp>
    </comp>
    <comp ref="C16">
      <value>0.1uF</value>
      <footprint>RPSU-socket:C_1812_sideways</footprint>
      <libsource lib="device" part="C_Small"/>
      <sheetpath names="/" tstamps="/"/>
      <tstamp>5A171D4D</tstamp>
    </comp>
    <comp ref="C17">
      <value>0.1uF</value>
      <footprint>RPSU-socket:C_1812_sideways</footprint>
      <libsource lib="device" part="C_Small"/>
      <sheetpath names="/" tstamps="/"/>
      <tstamp>5A172A29</tstamp>
    </comp>
    <comp ref="C18">
      <value>0.1uF</value>
      <footprint>RPSU-socket:C_1812_sideways</footprint>
      <libsource lib="device" part="C_Small"/>
      <sheetpath names="/" tstamps="/"/>
      <tstamp>5A172ADB</tstamp>
    </comp>
    <comp ref="C24">
      <value>0.1uF</value>
      <footprint>RPSU-socket:C_1812_sideways</footprint>
      <libsource lib="device" part="C_Small"/>
      <sheetpath names="/" tstamps="/"/>
      <tstamp>5A172B8D</tstamp>
    </comp>
    <comp ref="C23">
      <value>0.1uF</value>
      <footprint>RPSU-socket:C_1812_sideways</footprint>
      <libsource lib="device" part="C_Small"/>
      <sheetpath names="/" tstamps="/"/>
      <tstamp>5A172C2D</tstamp>
    </comp>
    <comp ref="C22">
      <value>0.1uF</value>
      <footprint>RPSU-socket:C_1812_sideways</footprint>
      <libsource lib="device" part="C_Small"/>
      <sheetpath names="/" tstamps="/"/>
      <tstamp>5A172CCD</tstamp>
    </comp>
    <comp ref="C21">
      <value>0.1uF</value>
      <footprint>RPSU-socket:C_1812_sideways</footprint>
      <libsource lib="device" part="C_Small"/>
      <sheetpath names="/" tstamps="/"/>
      <tstamp>5A172D83</tstamp>
    </comp>
    <comp ref="C20">
      <value>0.1uF</value>
      <footprint>RPSU-socket:C_1812_sideways</footprint>
      <libsource lib="device" part="C_Small"/>
      <sheetpath names="/" tstamps="/"/>
      <tstamp>5A172E35</tstamp>
    </comp>
    <comp ref="C25">
      <value>0.1uF</value>
      <footprint>RPSU-socket:C_1812_sideways</footprint>
      <libsource lib="device" part="C_Small"/>
      <sheetpath names="/" tstamps="/"/>
      <tstamp>5A17626A</tstamp>
    </comp>
    <comp ref="R14">
      <value>1M</value>
      <footprint>Resistors_SMD:R_0603</footprint>
      <libsource lib="device" part="R"/>
      <sheetpath names="/" tstamps="/"/>
      <tstamp>5A17640C</tstamp>
    </comp>
    <comp ref="J1">
      <value>UFL-CONN</value>
      <footprint>RPSU-socket:U.FL-R-SMT</footprint>
      <libsource lib="HVTest" part="UFL-CONN"/>
      <sheetpath names="/" tstamps="/"/>
      <tstamp>5A176CEB</tstamp>
    </comp>
    <comp ref="P1">
      <value>1</value>
      <footprint>HVTest:Pin_Header_Straight_1x01</footprint>
      <libsource lib="conn" part="CONN_01X01"/>
      <sheetpath names="/" tstamps="/"/>
      <tstamp>5A16368B</tstamp>
    </comp>
    <comp ref="P2">
      <value>1</value>
      <footprint>HVTest:Pin_Header_Straight_1x01</footprint>
      <libsource lib="conn" part="CONN_01X01"/>
      <sheetpath names="/" tstamps="/"/>
      <tstamp>5A163BFD</tstamp>
    </comp>
    <comp ref="P3">
      <value>1</value>
      <footprint>HVTest:Pin_Header_Straight_1x01</footprint>
      <libsource lib="conn" part="CONN_01X01"/>
      <sheetpath names="/" tstamps="/"/>
      <tstamp>5A163CBA</tstamp>
    </comp>
    <comp ref="P4">
      <value>1</value>
      <footprint>HVTest:Pin_Header_Straight_1x01</footprint>
      <libsource lib="conn" part="CONN_01X01"/>
      <sheetpath names="/" tstamps="/"/>
      <tstamp>5A163D76</tstamp>
    </comp>
    <comp ref="P5">
      <value>1</value>
      <footprint>HVTest:Pin_Header_Straight_1x01</footprint>
      <libsource lib="conn" part="CONN_01X01"/>
      <sheetpath names="/" tstamps="/"/>
      <tstamp>5A163E35</tstamp>
    </comp>
    <comp ref="P6">
      <value>1</value>
      <footprint>HVTest:Pin_Header_Straight_1x01</footprint>
      <libsource lib="conn" part="CONN_01X01"/>
      <sheetpath names="/" tstamps="/"/>
      <tstamp>5A164B6D</tstamp>
    </comp>
    <comp ref="P7">
      <value>1</value>
      <footprint>HVTest:Pin_Header_Straight_1x01</footprint>
      <libsource lib="conn" part="CONN_01X01"/>
      <sheetpath names="/" tstamps="/"/>
      <tstamp>5A164C3A</tstamp>
    </comp>
    <comp ref="P8">
      <value>1</value>
      <footprint>HVTest:Pin_Header_Straight_1x01</footprint>
      <libsource lib="conn" part="CONN_01X01"/>
      <sheetpath names="/" tstamps="/"/>
      <tstamp>5A164D06</tstamp>
    </comp>
    <comp ref="P9">
      <value>1</value>
      <footprint>HVTest:Pin_Header_Straight_1x01</footprint>
      <libsource lib="conn" part="CONN_01X01"/>
      <sheetpath names="/" tstamps="/"/>
      <tstamp>5A164DD5</tstamp>
    </comp>
    <comp ref="P10">
      <value>1</value>
      <footprint>HVTest:Pin_Header_Straight_1x01</footprint>
      <libsource lib="conn" part="CONN_01X01"/>
      <sheetpath names="/" tstamps="/"/>
      <tstamp>5A164EA3</tstamp>
    </comp>
    <comp ref="P11">
      <value>1</value>
      <footprint>HVTest:Pin_Header_Straight_1x01</footprint>
      <libsource lib="conn" part="CONN_01X01"/>
      <sheetpath names="/" tstamps="/"/>
      <tstamp>5A164F78</tstamp>
    </comp>
    <comp ref="P12">
      <value>1</value>
      <footprint>HVTest:Pin_Header_Straight_1x01</footprint>
      <libsource lib="conn" part="CONN_01X01"/>
      <sheetpath names="/" tstamps="/"/>
      <tstamp>5A16504C</tstamp>
    </comp>
    <comp ref="P24">
      <value>1</value>
      <footprint>HVTest:Pin_Header_Straight_1x01</footprint>
      <libsource lib="conn" part="CONN_01X01"/>
      <sheetpath names="/" tstamps="/"/>
      <tstamp>5A165B0A</tstamp>
    </comp>
    <comp ref="C26">
      <value>3.3nF</value>
      <footprint>Capacitors_SMD:C_0603_HandSoldering</footprint>
      <libsource lib="device" part="C_Small"/>
      <sheetpath names="/" tstamps="/"/>
      <tstamp>5A15C84A</tstamp>
    </comp>
  </components>
  <libparts>
    <libpart lib="conn" part="CONN_01X01">
      <description>Connector 01x01</description>
      <footprints>
        <fp>Pin_Header_Straight_1X01</fp>
        <fp>Pin_Header_Angled_1X01</fp>
        <fp>Socket_Strip_Straight_1X01</fp>
        <fp>Socket_Strip_Angled_1X01</fp>
      </footprints>
      <fields>
        <field name="Reference">P</field>
        <field name="Value">CONN_01X01</field>
      </fields>
      <pins>
        <pin num="1" name="P1" type="passive"/>
      </pins>
    </libpart>
    <libpart lib="device" part="C_Small">
      <description>Unpolarized capacitor</description>
      <footprints>
        <fp>C?</fp>
        <fp>C_????_*</fp>
        <fp>C_????</fp>
        <fp>SMD*_c</fp>
        <fp>Capacitor*</fp>
      </footprints>
      <fields>
        <field name="Reference">C</field>
        <field name="Value">C_Small</field>
      </fields>
      <pins>
        <pin num="1" name="~" type="passive"/>
        <pin num="2" name="~" type="passive"/>
      </pins>
    </libpart>
    <libpart lib="device" part="R">
      <description>Resistor</description>
      <footprints>
        <fp>R_*</fp>
        <fp>Resistor_*</fp>
      </footprints>
      <fields>
        <field name="Reference">R</field>
        <field name="Value">R</field>
      </fields>
      <pins>
        <pin num="1" name="~" type="passive"/>
        <pin num="2" name="~" type="passive"/>
      </pins>
    </libpart>
    <libpart lib="HVTest" part="UFL-CONN">
      <fields>
        <field name="Reference">J</field>
        <field name="Value">UFL-CONN</field>
      </fields>
      <pins>
        <pin num="1" name="RF" type="passive"/>
        <pin num="2" name="GND1" type="power_in"/>
        <pin num="3" name="GND2" type="power_in"/>
      </pins>
    </libpart>
  </libparts>
  <libraries>
    <library logical="conn">
      <uri>C:\Program Files\KiCad\share\kicad\library\conn.lib</uri>
    </library>
    <library logical="HVTest">
      <uri>C:\Users\User\Google Drive\IC Research\HVTest\HVTest.lib</uri>
    </library>
    <library logical="device">
      <uri>C:\Program Files\KiCad\share\kicad\library\device.lib</uri>
    </library>
  </libraries>
  <nets>
    <net code="1" name="GND">
      <node ref="C24" pin="2"/>
      <node ref="C23" pin="2"/>
      <node ref="C6" pin="2"/>
      <node ref="J1" pin="3"/>
      <node ref="J1" pin="2"/>
      <node ref="R14" pin="1"/>
      <node ref="C5" pin="2"/>
      <node ref="P24" pin="1"/>
      <node ref="C22" pin="2"/>
      <node ref="C20" pin="2"/>
      <node ref="C21" pin="2"/>
      <node ref="C7" pin="2"/>
      <node ref="C10" pin="2"/>
      <node ref="C9" pin="2"/>
      <node ref="C12" pin="2"/>
      <node ref="C11" pin="2"/>
      <node ref="C2" pin="2"/>
      <node ref="C1" pin="2"/>
      <node ref="C4" pin="2"/>
      <node ref="C3" pin="2"/>
      <node ref="C8" pin="2"/>
      <node ref="C15" pin="2"/>
      <node ref="C16" pin="2"/>
      <node ref="P26" pin="1"/>
      <node ref="C13" pin="2"/>
      <node ref="C18" pin="2"/>
      <node ref="C19" pin="2"/>
      <node ref="C17" pin="2"/>
      <node ref="C14" pin="2"/>
    </net>
    <net code="2" name="ST12">
      <node ref="P12" pin="1"/>
      <node ref="R12" pin="2"/>
      <node ref="C24" pin="1"/>
    </net>
    <net code="3" name="ST11">
      <node ref="C23" pin="1"/>
      <node ref="R11" pin="2"/>
      <node ref="P11" pin="1"/>
    </net>
    <net code="4" name="ST10">
      <node ref="P10" pin="1"/>
      <node ref="R10" pin="2"/>
      <node ref="C22" pin="1"/>
    </net>
    <net code="5" name="ST9">
      <node ref="C21" pin="1"/>
      <node ref="R9" pin="2"/>
      <node ref="P9" pin="1"/>
    </net>
    <net code="6" name="ST1">
      <node ref="R1" pin="2"/>
      <node ref="P1" pin="1"/>
      <node ref="C13" pin="1"/>
    </net>
    <net code="7" name="ST8">
      <node ref="R8" pin="2"/>
      <node ref="P8" pin="1"/>
      <node ref="C20" pin="1"/>
    </net>
    <net code="8" name="P11">
      <node ref="C25" pin="2"/>
      <node ref="R13" pin="1"/>
      <node ref="P23" pin="1"/>
    </net>
    <net code="9" name="Net-(C25-Pad1)">
      <node ref="R14" pin="2"/>
      <node ref="C26" pin="2"/>
      <node ref="C25" pin="1"/>
    </net>
    <net code="10" name="Net-(C26-Pad1)">
      <node ref="J1" pin="1"/>
      <node ref="C26" pin="1"/>
    </net>
    <net code="11" name="ST4">
      <node ref="P4" pin="1"/>
      <node ref="C16" pin="1"/>
      <node ref="R4" pin="2"/>
    </net>
    <net code="12" name="ST5">
      <node ref="P5" pin="1"/>
      <node ref="C17" pin="1"/>
      <node ref="R5" pin="2"/>
    </net>
    <net code="13" name="P5">
      <node ref="R6" pin="1"/>
      <node ref="C6" pin="1"/>
      <node ref="P17" pin="1"/>
    </net>
    <net code="14" name="ST6">
      <node ref="C18" pin="1"/>
      <node ref="P6" pin="1"/>
      <node ref="R6" pin="2"/>
    </net>
    <net code="15" name="P4">
      <node ref="R5" pin="1"/>
      <node ref="C5" pin="1"/>
      <node ref="P16" pin="1"/>
    </net>
    <net code="16" name="P1">
      <node ref="P13" pin="1"/>
      <node ref="C2" pin="1"/>
      <node ref="R2" pin="1"/>
    </net>
    <net code="17" name="P13">
      <node ref="P25" pin="1"/>
      <node ref="C1" pin="1"/>
      <node ref="R1" pin="1"/>
    </net>
    <net code="18" name="ST7">
      <node ref="P7" pin="1"/>
      <node ref="R7" pin="2"/>
      <node ref="C19" pin="1"/>
    </net>
    <net code="19" name="ST3">
      <node ref="C15" pin="1"/>
      <node ref="P3" pin="1"/>
      <node ref="R3" pin="2"/>
    </net>
    <net code="20" name="ST2">
      <node ref="P2" pin="1"/>
      <node ref="C14" pin="1"/>
      <node ref="R2" pin="2"/>
    </net>
    <net code="21" name="P3">
      <node ref="P15" pin="1"/>
      <node ref="R4" pin="1"/>
      <node ref="C4" pin="1"/>
    </net>
    <net code="22" name="P2">
      <node ref="P14" pin="1"/>
      <node ref="R3" pin="1"/>
      <node ref="C3" pin="1"/>
    </net>
    <net code="23" name="P7">
      <node ref="P19" pin="1"/>
      <node ref="R8" pin="1"/>
      <node ref="C8" pin="1"/>
    </net>
    <net code="24" name="P6">
      <node ref="C7" pin="1"/>
      <node ref="P18" pin="1"/>
      <node ref="R7" pin="1"/>
    </net>
    <net code="25" name="P9">
      <node ref="C10" pin="1"/>
      <node ref="P21" pin="1"/>
      <node ref="R10" pin="1"/>
    </net>
    <net code="26" name="P8">
      <node ref="R9" pin="1"/>
      <node ref="C9" pin="1"/>
      <node ref="P20" pin="1"/>
    </net>
    <net code="27" name="Net-(C12-Pad1)">
      <node ref="R12" pin="1"/>
      <node ref="R13" pin="2"/>
      <node ref="C12" pin="1"/>
    </net>
    <net code="28" name="P10">
      <node ref="C11" pin="1"/>
      <node ref="R11" pin="1"/>
      <node ref="P22" pin="1"/>
    </net>
  </nets>
</export>
