<?xml version="1.0" encoding="UTF-8"?>
<export version="D">
  <design>
    <source>C:/Users/User/Google Drive/IC Research/Clean HV Designs/HVPSU-Projects/CsIPSU-socket/CsIPSU-socket.sch</source>
    <date>2/4/2019 10:07:08 PM</date>
    <tool>Eeschema 4.0.2-stable</tool>
    <sheet number="1" name="/" tstamps="/">
      <title_block>
        <title/>
        <company/>
        <rev/>
        <date/>
        <source>CsIPSU-socket.sch</source>
        <comment number="1" value=""/>
        <comment number="2" value=""/>
        <comment number="3" value=""/>
        <comment number="4" value=""/>
      </title_block>
    </sheet>
  </design>
  <components>
    <comp ref="U1">
      <value>R11265U-PMT-socket</value>
      <footprint>CsIPMTBreakout:R11265U-PMT-socket</footprint>
      <libsource lib="CsIPMTBreakout" part="R11265U-PMT-socket"/>
      <sheetpath names="/" tstamps="/"/>
      <tstamp>5A1348B2</tstamp>
    </comp>
    <comp ref="P1">
      <value>CONN_01X10</value>
      <footprint>HVTest:Pin_Header_Straight_1x10_Pitch2.54mm-narrowforhv</footprint>
      <libsource lib="conn" part="CONN_01X10"/>
      <sheetpath names="/" tstamps="/"/>
      <tstamp>5A1348E0</tstamp>
    </comp>
    <comp ref="C1">
      <value>0.1uF</value>
      <footprint>Capacitors_SMD:C_1812</footprint>
      <libsource lib="device" part="C_Small"/>
      <sheetpath names="/" tstamps="/"/>
      <tstamp>5A134C81</tstamp>
    </comp>
    <comp ref="R1">
      <value>1M</value>
      <footprint>Resistors_SMD:R_0603_HandSoldering</footprint>
      <libsource lib="device" part="R"/>
      <sheetpath names="/" tstamps="/"/>
      <tstamp>5A134CEF</tstamp>
    </comp>
    <comp ref="C2">
      <value>0.1uF</value>
      <footprint>Capacitors_SMD:C_0603_HandSoldering</footprint>
      <libsource lib="device" part="C_Small"/>
      <sheetpath names="/" tstamps="/"/>
      <tstamp>5A134D33</tstamp>
    </comp>
    <comp ref="C3">
      <value>3.3nF</value>
      <footprint>Capacitors_SMD:C_0603_HandSoldering</footprint>
      <libsource lib="device" part="C_Small"/>
      <sheetpath names="/" tstamps="/"/>
      <tstamp>5A134D66</tstamp>
    </comp>
    <comp ref="J1">
      <value>UFL-CONN</value>
      <footprint>HVTest:U.FL-R-SMT</footprint>
      <libsource lib="HVTest" part="UFL-CONN"/>
      <sheetpath names="/" tstamps="/"/>
      <tstamp>5A134DAA</tstamp>
    </comp>
    <comp ref="R2">
      <value>2M</value>
      <footprint>Resistors_SMD:R_0603_HandSoldering</footprint>
      <libsource lib="device" part="R"/>
      <sheetpath names="/" tstamps="/"/>
      <tstamp>5A146277</tstamp>
    </comp>
  </components>
  <libparts>
    <libpart lib="conn" part="CONN_01X10">
      <description>Connector 01x10</description>
      <footprints>
        <fp>Pin_Header_Straight_1X10</fp>
        <fp>Pin_Header_Angled_1X10</fp>
        <fp>Socket_Strip_Straight_1X10</fp>
        <fp>Socket_Strip_Angled_1X10</fp>
      </footprints>
      <fields>
        <field name="Reference">P</field>
        <field name="Value">CONN_01X10</field>
      </fields>
      <pins>
        <pin num="1" name="P1" type="passive"/>
        <pin num="2" name="P2" type="passive"/>
        <pin num="3" name="P3" type="passive"/>
        <pin num="4" name="P4" type="passive"/>
        <pin num="5" name="P5" type="passive"/>
        <pin num="6" name="P6" type="passive"/>
        <pin num="7" name="P7" type="passive"/>
        <pin num="8" name="P8" type="passive"/>
        <pin num="9" name="P9" type="passive"/>
        <pin num="10" name="P10" type="passive"/>
      </pins>
    </libpart>
    <libpart lib="device" part="C_Small">
      <description>Unpolarized capacitor</description>
      <footprints>
        <fp>C?</fp>
        <fp>C_????_*</fp>
        <fp>C_????</fp>
        <fp>SMD*_c</fp>
        <fp>Capacitor*</fp>
      </footprints>
      <fields>
        <field name="Reference">C</field>
        <field name="Value">C_Small</field>
      </fields>
      <pins>
        <pin num="1" name="~" type="passive"/>
        <pin num="2" name="~" type="passive"/>
      </pins>
    </libpart>
    <libpart lib="device" part="R">
      <description>Resistor</description>
      <footprints>
        <fp>R_*</fp>
        <fp>Resistor_*</fp>
      </footprints>
      <fields>
        <field name="Reference">R</field>
        <field name="Value">R</field>
      </fields>
      <pins>
        <pin num="1" name="~" type="passive"/>
        <pin num="2" name="~" type="passive"/>
      </pins>
    </libpart>
    <libpart lib="CsIPMTBreakout" part="R11265U-PMT-socket">
      <fields>
        <field name="Reference">U</field>
        <field name="Value">R11265U-PMT-socket</field>
      </fields>
      <pins>
        <pin num="1" name="K" type="unspc"/>
        <pin num="2" name="Dy1" type="unspc"/>
        <pin num="3" name="Dy2" type="unspc"/>
        <pin num="4" name="Dy3" type="unspc"/>
        <pin num="5" name="Dy4" type="unspc"/>
        <pin num="6" name="Dy5" type="unspc"/>
        <pin num="7" name="Dy6" type="unspc"/>
        <pin num="8" name="Dy7" type="unspc"/>
        <pin num="9" name="Dy8" type="unspc"/>
        <pin num="10" name="Dy9" type="unspc"/>
        <pin num="11" name="Dy10" type="unspc"/>
        <pin num="12" name="Dy11" type="unspc"/>
        <pin num="13" name="Dy12" type="unspc"/>
        <pin num="14" name="P" type="unspc"/>
      </pins>
    </libpart>
    <libpart lib="HVTest" part="UFL-CONN">
      <fields>
        <field name="Reference">J</field>
        <field name="Value">UFL-CONN</field>
      </fields>
      <pins>
        <pin num="1" name="RF" type="passive"/>
        <pin num="2" name="GND1" type="power_in"/>
        <pin num="3" name="GND2" type="power_in"/>
      </pins>
    </libpart>
  </libparts>
  <libraries>
    <library logical="conn">
      <uri>C:\Program Files\KiCad\share\kicad\library\conn.lib</uri>
    </library>
    <library logical="device">
      <uri>C:\Program Files\KiCad\share\kicad\library\device.lib</uri>
    </library>
    <library logical="HVTest">
      <uri>C:\Users\User\Google Drive\IC Research\Clean HV Designs\HVPSU-Projects\CsIPSU-socket\HVTest.lib</uri>
    </library>
    <library logical="CsIPMTBreakout">
      <uri>C:\Users\User\Google Drive\IC Research\Clean HV Designs\HVPSU-Projects\CsIPSU-socket\CsIPMTBreakout.lib</uri>
    </library>
  </libraries>
  <nets>
    <net code="1" name="Net-(C3-Pad2)">
      <node ref="C3" pin="2"/>
      <node ref="J1" pin="1"/>
    </net>
    <net code="2" name="Net-(C1-Pad2)">
      <node ref="U1" pin="14"/>
      <node ref="U1" pin="10"/>
      <node ref="U1" pin="11"/>
      <node ref="U1" pin="12"/>
      <node ref="U1" pin="13"/>
      <node ref="R2" pin="1"/>
      <node ref="C1" pin="2"/>
    </net>
    <net code="3" name="ST10">
      <node ref="P1" pin="9"/>
      <node ref="U1" pin="9"/>
    </net>
    <net code="4" name="ST9">
      <node ref="P1" pin="10"/>
      <node ref="U1" pin="8"/>
    </net>
    <net code="5" name="ST8">
      <node ref="U1" pin="7"/>
      <node ref="P1" pin="1"/>
    </net>
    <net code="6" name="ST7">
      <node ref="U1" pin="6"/>
      <node ref="P1" pin="2"/>
    </net>
    <net code="7" name="GND">
      <node ref="C2" pin="2"/>
      <node ref="U1" pin="1"/>
      <node ref="P1" pin="7"/>
      <node ref="J1" pin="2"/>
      <node ref="J1" pin="3"/>
      <node ref="R1" pin="2"/>
    </net>
    <net code="8" name="ST12">
      <node ref="P1" pin="8"/>
      <node ref="R2" pin="2"/>
    </net>
    <net code="9" name="Net-(C1-Pad1)">
      <node ref="C1" pin="1"/>
      <node ref="R1" pin="1"/>
      <node ref="C3" pin="1"/>
      <node ref="C2" pin="1"/>
    </net>
    <net code="10" name="ST2">
      <node ref="P1" pin="6"/>
      <node ref="U1" pin="2"/>
    </net>
    <net code="11" name="ST4">
      <node ref="U1" pin="3"/>
      <node ref="P1" pin="5"/>
    </net>
    <net code="12" name="ST5">
      <node ref="U1" pin="4"/>
      <node ref="P1" pin="4"/>
    </net>
    <net code="13" name="ST6">
      <node ref="P1" pin="3"/>
      <node ref="U1" pin="5"/>
    </net>
  </nets>
</export>
