<?xml version="1.0" encoding="UTF-8"?>
<export version="D">
  <design>
    <source>C:/Users/User/Google Drive/IC Research/Clean HV Designs/HVPSU-Projects/ActiveLoad/ActiveLoad.sch</source>
    <date>1/29/2019 10:07:32 PM</date>
    <tool>Eeschema 4.0.2-stable</tool>
    <sheet number="1" name="/" tstamps="/">
      <title_block>
        <title/>
        <company/>
        <rev/>
        <date/>
        <source>ActiveLoad.sch</source>
        <comment number="1" value=""/>
        <comment number="2" value=""/>
        <comment number="3" value=""/>
        <comment number="4" value=""/>
      </title_block>
    </sheet>
  </design>
  <components>
    <comp ref="U3">
      <value>OPA191</value>
      <footprint>ActiveLoad:SOT-23-5</footprint>
      <libsource lib="ActiveLoad" part="OPA191"/>
      <sheetpath names="/" tstamps="/"/>
      <tstamp>59B7E416</tstamp>
    </comp>
    <comp ref="U1">
      <value>MCP4726</value>
      <footprint>ActiveLoad:SOT-23-6</footprint>
      <libsource lib="ActiveLoad" part="MCP4726"/>
      <sheetpath names="/" tstamps="/"/>
      <tstamp>59B7E652</tstamp>
    </comp>
    <comp ref="Q1">
      <value>NDTL03N150C</value>
      <footprint>ActiveLoad:TO-3P-3L</footprint>
      <libsource lib="ActiveLoad" part="NDTL03N150C"/>
      <sheetpath names="/" tstamps="/"/>
      <tstamp>59B7EDB7</tstamp>
    </comp>
    <comp ref="R4">
      <value>100k</value>
      <footprint>Resistors_SMD:R_0805_HandSoldering</footprint>
      <libsource lib="device" part="R_Small"/>
      <sheetpath names="/" tstamps="/"/>
      <tstamp>59B7EE31</tstamp>
    </comp>
    <comp ref="R3">
      <value>100</value>
      <footprint>Resistors_SMD:R_0603</footprint>
      <libsource lib="device" part="R_Small"/>
      <sheetpath names="/" tstamps="/"/>
      <tstamp>59B7EFBF</tstamp>
    </comp>
    <comp ref="R2">
      <value>2.2k</value>
      <footprint>Resistors_SMD:R_0603</footprint>
      <libsource lib="device" part="R_Small"/>
      <sheetpath names="/" tstamps="/"/>
      <tstamp>59B7F404</tstamp>
    </comp>
    <comp ref="R1">
      <value>2.2k</value>
      <footprint>Resistors_SMD:R_0603</footprint>
      <libsource lib="device" part="R_Small"/>
      <sheetpath names="/" tstamps="/"/>
      <tstamp>59B7F446</tstamp>
    </comp>
    <comp ref="C10">
      <value>0.1uF</value>
      <footprint>Capacitors_SMD:C_0603</footprint>
      <libsource lib="device" part="C_Small"/>
      <sheetpath names="/" tstamps="/"/>
      <tstamp>59B80156</tstamp>
    </comp>
    <comp ref="C3">
      <value>10uF</value>
      <footprint>Capacitors_SMD:C_0603</footprint>
      <libsource lib="device" part="C_Small"/>
      <sheetpath names="/" tstamps="/"/>
      <tstamp>59B80249</tstamp>
    </comp>
    <comp ref="P6">
      <value>HV+</value>
      <footprint>Pin_Headers:Pin_Header_Straight_1x01_Pitch2.54mm</footprint>
      <libsource lib="conn" part="CONN_01X01"/>
      <sheetpath names="/" tstamps="/"/>
      <tstamp>59B80717</tstamp>
    </comp>
    <comp ref="R6">
      <value>10M</value>
      <footprint>Resistors_SMD:R_0603_HandSoldering</footprint>
      <libsource lib="device" part="R_Small"/>
      <sheetpath names="/" tstamps="/"/>
      <tstamp>59B80F6E</tstamp>
    </comp>
    <comp ref="U4">
      <value>LMP2231</value>
      <footprint>ActiveLoad:SOT-23-5</footprint>
      <libsource lib="ActiveLoad" part="LMP2231"/>
      <sheetpath names="/" tstamps="/"/>
      <tstamp>59B82FB4</tstamp>
    </comp>
    <comp ref="R7">
      <value>10k</value>
      <footprint>Resistors_SMD:R_0603_HandSoldering</footprint>
      <libsource lib="device" part="R_Small"/>
      <sheetpath names="/" tstamps="/"/>
      <tstamp>59B83B81</tstamp>
    </comp>
    <comp ref="R9">
      <value>1k</value>
      <footprint>Resistors_SMD:R_0603</footprint>
      <libsource lib="device" part="R_Small"/>
      <sheetpath names="/" tstamps="/"/>
      <tstamp>59B84798</tstamp>
    </comp>
    <comp ref="C14">
      <value>0.1uF</value>
      <footprint>Capacitors_SMD:C_0603</footprint>
      <libsource lib="device" part="C_Small"/>
      <sheetpath names="/" tstamps="/"/>
      <tstamp>59B84930</tstamp>
    </comp>
    <comp ref="U5">
      <value>MCP3421</value>
      <footprint>ActiveLoad:SOT-23-6</footprint>
      <libsource lib="ActiveLoad" part="MCP3421"/>
      <sheetpath names="/" tstamps="/"/>
      <tstamp>59B84D87</tstamp>
    </comp>
    <comp ref="P7">
      <value>CONN_01X02</value>
      <footprint>Pin_Headers:Pin_Header_Straight_1x02_Pitch2.54mm_SMD_Pin1Left</footprint>
      <libsource lib="conn" part="CONN_01X02"/>
      <sheetpath names="/" tstamps="/"/>
      <tstamp>59B856B9</tstamp>
    </comp>
    <comp ref="C12">
      <value>0.1uF</value>
      <footprint>Capacitors_SMD:C_0603</footprint>
      <libsource lib="device" part="C_Small"/>
      <sheetpath names="/" tstamps="/"/>
      <tstamp>59B88FB9</tstamp>
    </comp>
    <comp ref="C15">
      <value>0.1uF</value>
      <footprint>Capacitors_SMD:C_0603</footprint>
      <libsource lib="device" part="C_Small"/>
      <sheetpath names="/" tstamps="/"/>
      <tstamp>59B89584</tstamp>
    </comp>
    <comp ref="C13">
      <value>1uF</value>
      <footprint>Capacitors_SMD:C_0603</footprint>
      <libsource lib="device" part="C_Small"/>
      <sheetpath names="/" tstamps="/"/>
      <tstamp>59B896B0</tstamp>
    </comp>
    <comp ref="C16">
      <value>10uF</value>
      <footprint>Capacitors_SMD:C_0603</footprint>
      <libsource lib="device" part="C_Small"/>
      <sheetpath names="/" tstamps="/"/>
      <tstamp>59B89711</tstamp>
    </comp>
    <comp ref="P2">
      <value>CONN_01X02</value>
      <footprint>Pin_Headers:Pin_Header_Straight_1x02_Pitch2.54mm_SMD_Pin1Left</footprint>
      <libsource lib="conn" part="CONN_01X02"/>
      <sheetpath names="/" tstamps="/"/>
      <tstamp>59B8A8A3</tstamp>
    </comp>
    <comp ref="C8">
      <value>0.1uF</value>
      <footprint>Capacitors_SMD:C_0603</footprint>
      <libsource lib="device" part="C_Small"/>
      <sheetpath names="/" tstamps="/"/>
      <tstamp>59B8A8B2</tstamp>
    </comp>
    <comp ref="C11">
      <value>10uF</value>
      <footprint>Capacitors_SMD:C_0603</footprint>
      <libsource lib="device" part="C_Small"/>
      <sheetpath names="/" tstamps="/"/>
      <tstamp>59B8D921</tstamp>
    </comp>
    <comp ref="U2">
      <value>ST662</value>
      <footprint>ActiveLoad:SO-8</footprint>
      <libsource lib="ActiveLoad" part="ST662"/>
      <sheetpath names="/" tstamps="/"/>
      <tstamp>59B91CF6</tstamp>
    </comp>
    <comp ref="C1">
      <value>220nF</value>
      <footprint>Capacitors_SMD:C_0603</footprint>
      <libsource lib="device" part="C_Small"/>
      <sheetpath names="/" tstamps="/"/>
      <tstamp>59B926F8</tstamp>
    </comp>
    <comp ref="C2">
      <value>220nF</value>
      <footprint>Capacitors_SMD:C_0603</footprint>
      <libsource lib="device" part="C_Small"/>
      <sheetpath names="/" tstamps="/"/>
      <tstamp>59B929A6</tstamp>
    </comp>
    <comp ref="C4">
      <value>4.7uF</value>
      <footprint>Capacitors_SMD:C_0805</footprint>
      <libsource lib="device" part="C_Small"/>
      <sheetpath names="/" tstamps="/"/>
      <tstamp>59B92F94</tstamp>
    </comp>
    <comp ref="C6">
      <value>4.7uF</value>
      <footprint>Capacitors_SMD:C_0805</footprint>
      <libsource lib="device" part="C_Small"/>
      <sheetpath names="/" tstamps="/"/>
      <tstamp>59B9319D</tstamp>
    </comp>
    <comp ref="C5">
      <value>100nF</value>
      <footprint>Capacitors_SMD:C_0603</footprint>
      <libsource lib="device" part="C_Small"/>
      <sheetpath names="/" tstamps="/"/>
      <tstamp>59B93973</tstamp>
    </comp>
    <comp ref="P5">
      <value>CONN_01X02</value>
      <footprint>Pin_Headers:Pin_Header_Straight_1x02_Pitch2.54mm_SMD_Pin1Right</footprint>
      <libsource lib="conn" part="CONN_01X02"/>
      <sheetpath names="/" tstamps="/"/>
      <tstamp>59B962A7</tstamp>
    </comp>
    <comp ref="P8">
      <value>CONN_01X02</value>
      <footprint>Pin_Headers:Pin_Header_Straight_1x02_Pitch2.54mm_SMD_Pin1Left</footprint>
      <libsource lib="conn" part="CONN_01X02"/>
      <sheetpath names="/" tstamps="/"/>
      <tstamp>59BD133E</tstamp>
    </comp>
    <comp ref="P1">
      <value>CONN_01X02</value>
      <footprint>Pin_Headers:Pin_Header_Straight_1x02_Pitch2.54mm_SMD_Pin1Right</footprint>
      <libsource lib="conn" part="CONN_01X02"/>
      <sheetpath names="/" tstamps="/"/>
      <tstamp>59B8788F</tstamp>
    </comp>
    <comp ref="P3">
      <value>CONN_01X02</value>
      <footprint>Pin_Headers:Pin_Header_Straight_1x02_Pitch2.54mm</footprint>
      <libsource lib="conn" part="CONN_01X02"/>
      <sheetpath names="/" tstamps="/"/>
      <tstamp>59BDC29C</tstamp>
    </comp>
    <comp ref="P4">
      <value>CONN_01X02</value>
      <footprint>Pin_Headers:Pin_Header_Straight_1x02_Pitch2.54mm_SMD_Pin1Right</footprint>
      <libsource lib="conn" part="CONN_01X02"/>
      <sheetpath names="/" tstamps="/"/>
      <tstamp>59BE2F0D</tstamp>
    </comp>
    <comp ref="C7">
      <value>0.1uF</value>
      <footprint>Capacitors_SMD:C_0603</footprint>
      <libsource lib="device" part="C_Small"/>
      <sheetpath names="/" tstamps="/"/>
      <tstamp>59DCE344</tstamp>
    </comp>
    <comp ref="P9">
      <value>HV+P</value>
      <footprint>ActiveLoad:677-millmax-pin-socket</footprint>
      <libsource lib="conn" part="CONN_01X01"/>
      <sheetpath names="/" tstamps="/"/>
      <tstamp>59DCEFCD</tstamp>
    </comp>
    <comp ref="P10">
      <value>HV+N</value>
      <footprint>ActiveLoad:677-millmax-pin-socket</footprint>
      <libsource lib="conn" part="CONN_01X01"/>
      <sheetpath names="/" tstamps="/"/>
      <tstamp>59DCF065</tstamp>
    </comp>
    <comp ref="RV1">
      <value>POT</value>
      <footprint>ActiveLoad:PVG5A-10turnpot</footprint>
      <libsource lib="ActiveLoad-rescue" part="POT-RESCUE-ActiveLoad"/>
      <sheetpath names="/" tstamps="/"/>
      <tstamp>59DD2B69</tstamp>
    </comp>
    <comp ref="P11">
      <value>GND</value>
      <footprint>Pin_Headers:Pin_Header_Straight_1x01_Pitch2.54mm</footprint>
      <libsource lib="conn" part="CONN_01X01"/>
      <sheetpath names="/" tstamps="/"/>
      <tstamp>59DDB7BB</tstamp>
    </comp>
    <comp ref="C9">
      <value>10uF</value>
      <footprint>Capacitors_SMD:C_0603</footprint>
      <libsource lib="device" part="C_Small"/>
      <sheetpath names="/" tstamps="/"/>
      <tstamp>59E607C2</tstamp>
    </comp>
    <comp ref="C17">
      <value>10uF</value>
      <footprint>Capacitors_SMD:C_0603</footprint>
      <libsource lib="device" part="C_Small"/>
      <sheetpath names="/" tstamps="/"/>
      <tstamp>59E61C71</tstamp>
    </comp>
    <comp ref="C18">
      <value>4.7uF</value>
      <footprint>Capacitors_SMD:C_0805</footprint>
      <libsource lib="device" part="C_Small"/>
      <sheetpath names="/" tstamps="/"/>
      <tstamp>59E61FB1</tstamp>
    </comp>
    <comp ref="C19">
      <value>0.1uF</value>
      <footprint>Capacitors_SMD:C_0603</footprint>
      <libsource lib="device" part="C_Small"/>
      <sheetpath names="/" tstamps="/"/>
      <tstamp>59E63B78</tstamp>
    </comp>
  </components>
  <libparts>
    <libpart lib="conn" part="CONN_01X01">
      <description>Connector 01x01</description>
      <footprints>
        <fp>Pin_Header_Straight_1X01</fp>
        <fp>Pin_Header_Angled_1X01</fp>
        <fp>Socket_Strip_Straight_1X01</fp>
        <fp>Socket_Strip_Angled_1X01</fp>
      </footprints>
      <fields>
        <field name="Reference">P</field>
        <field name="Value">CONN_01X01</field>
      </fields>
      <pins>
        <pin num="1" name="P1" type="passive"/>
      </pins>
    </libpart>
    <libpart lib="conn" part="CONN_01X02">
      <description>Connector 01x02</description>
      <footprints>
        <fp>Pin_Header_Straight_1X02</fp>
        <fp>Pin_Header_Angled_1X02</fp>
        <fp>Socket_Strip_Straight_1X02</fp>
        <fp>Socket_Strip_Angled_1X02</fp>
      </footprints>
      <fields>
        <field name="Reference">P</field>
        <field name="Value">CONN_01X02</field>
      </fields>
      <pins>
        <pin num="1" name="P1" type="passive"/>
        <pin num="2" name="P2" type="passive"/>
      </pins>
    </libpart>
    <libpart lib="device" part="C_Small">
      <description>Unpolarized capacitor</description>
      <footprints>
        <fp>C?</fp>
        <fp>C_????_*</fp>
        <fp>C_????</fp>
        <fp>SMD*_c</fp>
        <fp>Capacitor*</fp>
      </footprints>
      <fields>
        <field name="Reference">C</field>
        <field name="Value">C_Small</field>
      </fields>
      <pins>
        <pin num="1" name="~" type="passive"/>
        <pin num="2" name="~" type="passive"/>
      </pins>
    </libpart>
    <libpart lib="ActiveLoad" part="LMP2231">
      <fields>
        <field name="Reference">U</field>
        <field name="Value">LMP2231</field>
      </fields>
      <pins>
        <pin num="1" name="~" type="output"/>
        <pin num="2" name="~" type="power_in"/>
        <pin num="3" name="~" type="input"/>
        <pin num="4" name="~" type="input"/>
        <pin num="5" name="~" type="power_in"/>
      </pins>
    </libpart>
    <libpart lib="ActiveLoad" part="MCP3421">
      <fields>
        <field name="Reference">U</field>
        <field name="Value">MCP3421</field>
      </fields>
      <pins>
        <pin num="1" name="IN+" type="input"/>
        <pin num="2" name="VSS" type="power_in"/>
        <pin num="3" name="SCL" type="openCol"/>
        <pin num="4" name="SDA" type="openCol"/>
        <pin num="5" name="VDD" type="power_in"/>
        <pin num="6" name="IN-" type="input"/>
      </pins>
    </libpart>
    <libpart lib="ActiveLoad" part="MCP4726">
      <fields>
        <field name="Reference">U</field>
        <field name="Value">MCP4726</field>
      </fields>
      <pins>
        <pin num="1" name="VOUT" type="output"/>
        <pin num="2" name="VSS" type="power_in"/>
        <pin num="3" name="VDD" type="power_in"/>
        <pin num="4" name="SDA" type="openCol"/>
        <pin num="5" name="SCL" type="openCol"/>
        <pin num="6" name="VREF" type="input"/>
      </pins>
    </libpart>
    <libpart lib="ActiveLoad" part="NDTL03N150C">
      <description>1500V Vds, N-Channel MOSFET, TO-3P-3L</description>
      <docs>http://www.onsemi.com/pub/Collateral/NDTL03N150C-D.PDF</docs>
      <fields>
        <field name="Reference">Q</field>
        <field name="Value">NDTL03N150C</field>
        <field name="Footprint">ActiveLoad:TO-3P-3L</field>
      </fields>
      <pins>
        <pin num="1" name="G" type="input"/>
        <pin num="2" name="D" type="passive"/>
        <pin num="3" name="S" type="passive"/>
      </pins>
    </libpart>
    <libpart lib="ActiveLoad" part="OPA191">
      <fields>
        <field name="Reference">U</field>
        <field name="Value">OPA191</field>
      </fields>
      <pins>
        <pin num="1" name="~" type="output"/>
        <pin num="2" name="~" type="power_in"/>
        <pin num="3" name="~" type="input"/>
        <pin num="4" name="~" type="input"/>
        <pin num="5" name="~" type="power_in"/>
      </pins>
    </libpart>
    <libpart lib="ActiveLoad-rescue" part="POT-RESCUE-ActiveLoad">
      <fields>
        <field name="Reference">RV</field>
        <field name="Value">POT-RESCUE-ActiveLoad</field>
      </fields>
      <pins>
        <pin num="1" name="1" type="passive"/>
        <pin num="2" name="2" type="passive"/>
        <pin num="3" name="3" type="passive"/>
      </pins>
    </libpart>
    <libpart lib="device" part="R_Small">
      <description>Resistor</description>
      <footprints>
        <fp>Resistor_*</fp>
        <fp>R_*</fp>
      </footprints>
      <fields>
        <field name="Reference">R</field>
        <field name="Value">R_Small</field>
      </fields>
      <pins>
        <pin num="1" name="~" type="passive"/>
        <pin num="2" name="~" type="passive"/>
      </pins>
    </libpart>
    <libpart lib="ActiveLoad" part="ST662">
      <fields>
        <field name="Reference">U</field>
        <field name="Value">ST662</field>
      </fields>
      <pins>
        <pin num="1" name="C1-" type="passive"/>
        <pin num="2" name="C1+" type="passive"/>
        <pin num="3" name="C2-" type="passive"/>
        <pin num="4" name="C2+" type="passive"/>
        <pin num="5" name="VCC" type="power_in"/>
        <pin num="6" name="VOUT" type="power_out"/>
        <pin num="7" name="GND" type="power_in"/>
        <pin num="8" name="SHDN" type="input"/>
      </pins>
    </libpart>
  </libparts>
  <libraries>
    <library logical="ActiveLoad-rescue">
      <uri>C:\Users\User\Google Drive\IC Research\Clean HV Designs\HVPSU-Projects\ActiveLoad\ActiveLoad-rescue.lib</uri>
    </library>
    <library logical="device">
      <uri>C:\Program Files\KiCad\share\kicad\library\device.lib</uri>
    </library>
    <library logical="conn">
      <uri>C:\Program Files\KiCad\share\kicad\library\conn.lib</uri>
    </library>
    <library logical="ActiveLoad">
      <uri>C:\Users\User\Google Drive\IC Research\Clean HV Designs\HVPSU-Projects\ActiveLoad\ActiveLoad.lib</uri>
    </library>
  </libraries>
  <nets>
    <net code="1" name="Net-(C2-Pad2)">
      <node ref="C2" pin="2"/>
      <node ref="U2" pin="3"/>
    </net>
    <net code="2" name="VDD">
      <node ref="C5" pin="2"/>
      <node ref="C4" pin="2"/>
      <node ref="C17" pin="2"/>
      <node ref="C9" pin="2"/>
      <node ref="P3" pin="1"/>
      <node ref="U4" pin="5"/>
      <node ref="C3" pin="2"/>
      <node ref="U5" pin="5"/>
      <node ref="U1" pin="3"/>
      <node ref="R1" pin="2"/>
      <node ref="C18" pin="2"/>
      <node ref="R2" pin="2"/>
      <node ref="C13" pin="2"/>
      <node ref="C16" pin="2"/>
      <node ref="C15" pin="2"/>
      <node ref="C12" pin="2"/>
      <node ref="U2" pin="5"/>
    </net>
    <net code="3" name="Net-(C2-Pad1)">
      <node ref="C2" pin="1"/>
      <node ref="U2" pin="4"/>
    </net>
    <net code="4" name="Net-(C1-Pad2)">
      <node ref="U2" pin="1"/>
      <node ref="C1" pin="2"/>
    </net>
    <net code="5" name="Net-(C1-Pad1)">
      <node ref="U2" pin="2"/>
      <node ref="C1" pin="1"/>
    </net>
    <net code="6" name="Net-(C19-Pad2)">
      <node ref="R6" pin="1"/>
      <node ref="U4" pin="3"/>
      <node ref="C19" pin="2"/>
      <node ref="P10" pin="1"/>
    </net>
    <net code="7" name="Net-(R9-Pad2)">
      <node ref="RV1" pin="2"/>
      <node ref="R9" pin="2"/>
      <node ref="U4" pin="1"/>
    </net>
    <net code="8" name="Net-(P6-Pad1)">
      <node ref="P6" pin="1"/>
      <node ref="P9" pin="1"/>
      <node ref="Q1" pin="2"/>
    </net>
    <net code="9" name="Net-(C14-Pad2)">
      <node ref="P7" pin="1"/>
      <node ref="U5" pin="1"/>
      <node ref="R9" pin="1"/>
      <node ref="C14" pin="2"/>
    </net>
    <net code="10" name="Net-(R7-Pad2)">
      <node ref="RV1" pin="1"/>
      <node ref="U4" pin="4"/>
      <node ref="R7" pin="2"/>
    </net>
    <net code="11" name="Net-(RV1-Pad3)">
      <node ref="RV1" pin="3"/>
    </net>
    <net code="12" name="GND">
      <node ref="C14" pin="1"/>
      <node ref="R6" pin="2"/>
      <node ref="C3" pin="1"/>
      <node ref="U5" pin="2"/>
      <node ref="U5" pin="6"/>
      <node ref="C11" pin="1"/>
      <node ref="C8" pin="2"/>
      <node ref="C6" pin="1"/>
      <node ref="C12" pin="1"/>
      <node ref="C4" pin="1"/>
      <node ref="C13" pin="1"/>
      <node ref="C16" pin="1"/>
      <node ref="P2" pin="1"/>
      <node ref="C15" pin="1"/>
      <node ref="P7" pin="2"/>
      <node ref="U2" pin="7"/>
      <node ref="C10" pin="1"/>
      <node ref="U3" pin="2"/>
      <node ref="U1" pin="2"/>
      <node ref="R4" pin="2"/>
      <node ref="R7" pin="1"/>
      <node ref="C17" pin="1"/>
      <node ref="C19" pin="1"/>
      <node ref="C18" pin="1"/>
      <node ref="P11" pin="1"/>
      <node ref="P3" pin="2"/>
      <node ref="C9" pin="1"/>
      <node ref="P4" pin="1"/>
      <node ref="C7" pin="1"/>
      <node ref="U4" pin="2"/>
    </net>
    <net code="13" name="/VCP">
      <node ref="C5" pin="1"/>
      <node ref="U2" pin="6"/>
      <node ref="P5" pin="2"/>
      <node ref="C6" pin="2"/>
    </net>
    <net code="14" name="Net-(P4-Pad2)">
      <node ref="P4" pin="2"/>
      <node ref="U2" pin="8"/>
    </net>
    <net code="15" name="/VSET">
      <node ref="C7" pin="2"/>
      <node ref="P1" pin="2"/>
      <node ref="U3" pin="3"/>
    </net>
    <net code="16" name="Net-(R3-Pad1)">
      <node ref="R3" pin="1"/>
      <node ref="U3" pin="1"/>
    </net>
    <net code="17" name="Net-(Q1-Pad3)">
      <node ref="Q1" pin="3"/>
      <node ref="U3" pin="4"/>
      <node ref="R4" pin="1"/>
    </net>
    <net code="18" name="/SDA">
      <node ref="P8" pin="1"/>
      <node ref="U5" pin="4"/>
      <node ref="U1" pin="4"/>
      <node ref="R1" pin="1"/>
    </net>
    <net code="19" name="/SCL">
      <node ref="U5" pin="3"/>
      <node ref="R2" pin="1"/>
      <node ref="P8" pin="2"/>
      <node ref="U1" pin="5"/>
    </net>
    <net code="20" name="/VREF">
      <node ref="P2" pin="2"/>
      <node ref="C8" pin="1"/>
      <node ref="U1" pin="6"/>
    </net>
    <net code="21" name="/VDAC">
      <node ref="P1" pin="1"/>
      <node ref="U1" pin="1"/>
    </net>
    <net code="22" name="VCC">
      <node ref="C11" pin="2"/>
      <node ref="C10" pin="2"/>
      <node ref="U3" pin="5"/>
      <node ref="P5" pin="1"/>
    </net>
    <net code="23" name="Net-(Q1-Pad1)">
      <node ref="R3" pin="2"/>
      <node ref="Q1" pin="1"/>
    </net>
  </nets>
</export>
