<?xml version="1.0" encoding="UTF-8"?>
<export version="D">
  <design>
    <source>C:/Users/User/Google Drive/IC Research/Clean HV Designs/HVPSU-Projects/RPSU-top/RPSU-top.sch</source>
    <date>1/29/2019 10:01:43 PM</date>
    <tool>Eeschema 4.0.2-stable</tool>
    <sheet number="1" name="/" tstamps="/">
      <title_block>
        <title/>
        <company/>
        <rev/>
        <date/>
        <source>RPSU-top.sch</source>
        <comment number="1" value=""/>
        <comment number="2" value=""/>
        <comment number="3" value=""/>
        <comment number="4" value=""/>
      </title_block>
    </sheet>
  </design>
  <components>
    <comp ref="U1">
      <value>switch_ic4/5</value>
      <footprint>Housings_DFN_QFN:QFN-20-1EP_4x4mm_Pitch0.5mm</footprint>
      <libsource lib="HVTest" part="switch_ic4/5"/>
      <sheetpath names="/" tstamps="/"/>
      <tstamp>5A154FE0</tstamp>
    </comp>
    <comp ref="R18">
      <value>1M</value>
      <footprint>Resistors_SMD:R_0402_NoSilk</footprint>
      <libsource lib="device" part="R"/>
      <sheetpath names="/" tstamps="/"/>
      <tstamp>5A1562DC</tstamp>
    </comp>
    <comp ref="R19">
      <value>1M</value>
      <footprint>Resistors_SMD:R_0402_NoSilk</footprint>
      <libsource lib="device" part="R"/>
      <sheetpath names="/" tstamps="/"/>
      <tstamp>5A1564A5</tstamp>
    </comp>
    <comp ref="R20">
      <value>1M</value>
      <footprint>Resistors_SMD:R_0402_NoSilk</footprint>
      <libsource lib="device" part="R"/>
      <sheetpath names="/" tstamps="/"/>
      <tstamp>5A15662A</tstamp>
    </comp>
    <comp ref="C55">
      <value>3.3nF</value>
      <footprint>Capacitors_SMD:C_0402_NoSilk</footprint>
      <libsource lib="device" part="C_Small"/>
      <sheetpath names="/" tstamps="/"/>
      <tstamp>5A15AE75</tstamp>
    </comp>
    <comp ref="R21">
      <value>33M</value>
      <footprint>Resistors_SMD:R_0402_NoSilk</footprint>
      <libsource lib="device" part="R"/>
      <sheetpath names="/" tstamps="/"/>
      <tstamp>5A15D310</tstamp>
    </comp>
    <comp ref="R22">
      <value>1M</value>
      <footprint>Resistors_SMD:R_0402_NoSilk</footprint>
      <libsource lib="device" part="R"/>
      <sheetpath names="/" tstamps="/"/>
      <tstamp>5A15D426</tstamp>
    </comp>
    <comp ref="C51">
      <value>1uF</value>
      <footprint>Capacitors_SMD:C_0603</footprint>
      <libsource lib="device" part="C_Small"/>
      <sheetpath names="/" tstamps="/"/>
      <tstamp>5A164C3D</tstamp>
    </comp>
    <comp ref="RV1">
      <value>1M</value>
      <footprint>HVTest:EVM3Y-POT</footprint>
      <libsource lib="RPSU-top-rescue" part="POT-RESCUE-RPSU-top"/>
      <sheetpath names="/" tstamps="/"/>
      <tstamp>5A165703</tstamp>
    </comp>
    <comp ref="R15">
      <value>2M</value>
      <footprint>Resistors_SMD:R_0402_NoSilk</footprint>
      <libsource lib="device" part="R"/>
      <sheetpath names="/" tstamps="/"/>
      <tstamp>5A16584B</tstamp>
    </comp>
    <comp ref="R14">
      <value>560k</value>
      <footprint>Resistors_SMD:R_0402_NoSilk</footprint>
      <libsource lib="device" part="R"/>
      <sheetpath names="/" tstamps="/"/>
      <tstamp>5A16597F</tstamp>
    </comp>
    <comp ref="R16">
      <value>10</value>
      <footprint>Resistors_SMD:R_0402_NoSilk</footprint>
      <libsource lib="device" part="R"/>
      <sheetpath names="/" tstamps="/"/>
      <tstamp>5A16AE05</tstamp>
    </comp>
    <comp ref="C53">
      <value>1uF</value>
      <footprint>Capacitors_SMD:C_0603</footprint>
      <libsource lib="device" part="C_Small"/>
      <sheetpath names="/" tstamps="/"/>
      <tstamp>5A16BC75</tstamp>
    </comp>
    <comp ref="C50">
      <value>1uF</value>
      <footprint>Capacitors_SMD:C_0603</footprint>
      <libsource lib="device" part="C_Small"/>
      <sheetpath names="/" tstamps="/"/>
      <tstamp>5A16BED5</tstamp>
    </comp>
    <comp ref="R17">
      <value>10</value>
      <footprint>Resistors_SMD:R_0402_NoSilk</footprint>
      <libsource lib="device" part="R"/>
      <sheetpath names="/" tstamps="/"/>
      <tstamp>5A16C5CE</tstamp>
    </comp>
    <comp ref="C54">
      <value>0.1uF</value>
      <footprint>Capacitors_SMD:C_0402_NoSilk</footprint>
      <libsource lib="device" part="C_Small"/>
      <sheetpath names="/" tstamps="/"/>
      <tstamp>5A1702E4</tstamp>
    </comp>
    <comp ref="C52">
      <value>0.1uF</value>
      <footprint>Capacitors_SMD:C_0402_NoSilk</footprint>
      <libsource lib="device" part="C_Small"/>
      <sheetpath names="/" tstamps="/"/>
      <tstamp>5A173BC3</tstamp>
    </comp>
    <comp ref="RV3">
      <value>20k</value>
      <footprint>HVTest:EVM3Y-POT</footprint>
      <libsource lib="RPSU-top-rescue" part="POT-RESCUE-RPSU-top"/>
      <sheetpath names="/" tstamps="/"/>
      <tstamp>5A177741</tstamp>
    </comp>
    <comp ref="C57">
      <value>1nF</value>
      <footprint>Capacitors_SMD:C_0402_NoSilk</footprint>
      <libsource lib="device" part="C_Small"/>
      <sheetpath names="/" tstamps="/"/>
      <tstamp>5A17CBA8</tstamp>
    </comp>
    <comp ref="RV2">
      <value>20k</value>
      <footprint>HVTest:EVM3Y-POT</footprint>
      <libsource lib="RPSU-top-rescue" part="POT-RESCUE-RPSU-top"/>
      <sheetpath names="/" tstamps="/"/>
      <tstamp>5A17EB1C</tstamp>
    </comp>
    <comp ref="R23">
      <value>1M</value>
      <footprint>Resistors_SMD:R_0402_NoSilk</footprint>
      <libsource lib="device" part="R"/>
      <sheetpath names="/" tstamps="/"/>
      <tstamp>5A19486A</tstamp>
    </comp>
    <comp ref="C56">
      <value>0.1uF</value>
      <footprint>Capacitors_SMD:C_0402_NoSilk</footprint>
      <libsource lib="device" part="C_Small"/>
      <sheetpath names="/" tstamps="/"/>
      <tstamp>5A1A185E</tstamp>
    </comp>
    <comp ref="C58">
      <value>0.1uF</value>
      <footprint>Capacitors_SMD:C_0402_NoSilk</footprint>
      <libsource lib="device" part="C_Small"/>
      <sheetpath names="/" tstamps="/"/>
      <tstamp>5A1A212D</tstamp>
    </comp>
    <comp ref="BT1">
      <value>Battery</value>
      <footprint>HVTest:KEY1027-ND-rev2</footprint>
      <libsource lib="device" part="Battery"/>
      <sheetpath names="/" tstamps="/"/>
      <tstamp>5A1A6247</tstamp>
    </comp>
    <comp ref="U3">
      <value>TPS78225DDCR</value>
      <footprint>HVTest:TSOT-23-5</footprint>
      <libsource lib="HVTest" part="TPS78225DDCR"/>
      <sheetpath names="/" tstamps="/"/>
      <tstamp>5A1E9CB0</tstamp>
    </comp>
    <comp ref="C59">
      <value>1uF</value>
      <footprint>Capacitors_SMD:C_0603</footprint>
      <libsource lib="device" part="C_Small"/>
      <sheetpath names="/" tstamps="/"/>
      <tstamp>5A1EE7C2</tstamp>
    </comp>
    <comp ref="U2">
      <value>SN74AUP3G17</value>
      <footprint>HVTest:8-VFSOP</footprint>
      <libsource lib="HVTest" part="SN74AUP3G17"/>
      <sheetpath names="/" tstamps="/"/>
      <tstamp>5A1FCD04</tstamp>
    </comp>
    <comp ref="C60">
      <value>1uF</value>
      <footprint>Capacitors_SMD:C_0603</footprint>
      <libsource lib="device" part="C_Small"/>
      <sheetpath names="/" tstamps="/"/>
      <tstamp>5A20F9AF</tstamp>
    </comp>
    <comp ref="P1">
      <value>CONN_01X04</value>
      <footprint>HVTest:SM04B-SRSS-TB(LF)(SN)</footprint>
      <libsource lib="conn" part="CONN_01X04"/>
      <sheetpath names="/" tstamps="/"/>
      <tstamp>5A2189CE</tstamp>
    </comp>
    <comp ref="C61">
      <value>1uF</value>
      <footprint>Capacitors_SMD:C_0603</footprint>
      <libsource lib="device" part="C_Small"/>
      <sheetpath names="/" tstamps="/"/>
      <tstamp>5A238549</tstamp>
    </comp>
    <comp ref="C62">
      <value>1uF</value>
      <footprint>Capacitors_SMD:C_0603</footprint>
      <libsource lib="device" part="C_Small"/>
      <sheetpath names="/" tstamps="/"/>
      <tstamp>5A16C7F3</tstamp>
    </comp>
    <comp ref="C64">
      <value>10uF</value>
      <footprint>Capacitors_SMD:C_1206</footprint>
      <libsource lib="device" part="C_Small"/>
      <sheetpath names="/" tstamps="/"/>
      <tstamp>5A17163F</tstamp>
    </comp>
    <comp ref="C65">
      <value>10uF</value>
      <footprint>Capacitors_SMD:C_1206</footprint>
      <libsource lib="device" part="C_Small"/>
      <sheetpath names="/" tstamps="/"/>
      <tstamp>5A172651</tstamp>
    </comp>
    <comp ref="C63">
      <value>10uF</value>
      <footprint>Capacitors_SMD:C_1206</footprint>
      <libsource lib="device" part="C_Small"/>
      <sheetpath names="/" tstamps="/"/>
      <tstamp>5A173C5F</tstamp>
    </comp>
    <comp ref="SW1">
      <value>SP3T</value>
      <footprint>HVTest:PCM13SMTR</footprint>
      <libsource lib="device" part="SP3T"/>
      <sheetpath names="/" tstamps="/"/>
      <tstamp>5A1473F3</tstamp>
    </comp>
    <comp ref="R1">
      <value>1M</value>
      <footprint>Resistors_SMD:R_0402_NoSilk</footprint>
      <libsource lib="device" part="R"/>
      <sheetpath names="/" tstamps="/"/>
      <tstamp>5A156EF3</tstamp>
    </comp>
    <comp ref="P2">
      <value>CONN_01X01</value>
      <footprint>HVTest:PHS1x01_Pitch2.54mm_1D1.7P</footprint>
      <libsource lib="conn" part="CONN_01X01"/>
      <sheetpath names="/" tstamps="/"/>
      <tstamp>5A15842D</tstamp>
    </comp>
    <comp ref="P3">
      <value>CONN_01X01</value>
      <footprint>HVTest:PHS1x01_Pitch2.54mm_1D1.7P</footprint>
      <libsource lib="conn" part="CONN_01X01"/>
      <sheetpath names="/" tstamps="/"/>
      <tstamp>5A15904D</tstamp>
    </comp>
    <comp ref="P4">
      <value>CONN_01X01</value>
      <footprint>HVTest:PHS1x01_Pitch2.54mm_1D1.7P</footprint>
      <libsource lib="conn" part="CONN_01X01"/>
      <sheetpath names="/" tstamps="/"/>
      <tstamp>5A15914F</tstamp>
    </comp>
    <comp ref="P5">
      <value>CONN_01X01</value>
      <footprint>HVTest:PHS1x01_Pitch2.54mm_1D1.7P</footprint>
      <libsource lib="conn" part="CONN_01X01"/>
      <sheetpath names="/" tstamps="/"/>
      <tstamp>5A1591DA</tstamp>
    </comp>
    <comp ref="P6">
      <value>CONN_01X01</value>
      <footprint>HVTest:PHS1x01_Pitch2.54mm_1D1.7P</footprint>
      <libsource lib="conn" part="CONN_01X01"/>
      <sheetpath names="/" tstamps="/"/>
      <tstamp>5A15BCB5</tstamp>
    </comp>
    <comp ref="P7">
      <value>CONN_01X01</value>
      <footprint>HVTest:PHS1x01_Pitch2.54mm_1D1.7P</footprint>
      <libsource lib="conn" part="CONN_01X01"/>
      <sheetpath names="/" tstamps="/"/>
      <tstamp>5A15BD48</tstamp>
    </comp>
    <comp ref="P8">
      <value>CONN_01X01</value>
      <footprint>HVTest:PHS1x01_Pitch2.54mm_1D1.7P</footprint>
      <libsource lib="conn" part="CONN_01X01"/>
      <sheetpath names="/" tstamps="/"/>
      <tstamp>5A15CA0C</tstamp>
    </comp>
    <comp ref="C1">
      <value>10uF</value>
      <footprint>Capacitors_SMD:C_1206</footprint>
      <libsource lib="device" part="C_Small"/>
      <sheetpath names="/" tstamps="/"/>
      <tstamp>5A15D741</tstamp>
    </comp>
  </components>
  <libparts>
    <libpart lib="device" part="Battery">
      <fields>
        <field name="Reference">BT</field>
        <field name="Value">Battery</field>
      </fields>
      <pins>
        <pin num="1" name="~" type="passive"/>
        <pin num="2" name="~" type="passive"/>
      </pins>
    </libpart>
    <libpart lib="conn" part="CONN_01X01">
      <description>Connector 01x01</description>
      <footprints>
        <fp>Pin_Header_Straight_1X01</fp>
        <fp>Pin_Header_Angled_1X01</fp>
        <fp>Socket_Strip_Straight_1X01</fp>
        <fp>Socket_Strip_Angled_1X01</fp>
      </footprints>
      <fields>
        <field name="Reference">P</field>
        <field name="Value">CONN_01X01</field>
      </fields>
      <pins>
        <pin num="1" name="P1" type="passive"/>
      </pins>
    </libpart>
    <libpart lib="conn" part="CONN_01X04">
      <description>Connector 01x04</description>
      <footprints>
        <fp>Pin_Header_Straight_1X04</fp>
        <fp>Pin_Header_Angled_1X04</fp>
        <fp>Socket_Strip_Straight_1X04</fp>
        <fp>Socket_Strip_Angled_1X04</fp>
      </footprints>
      <fields>
        <field name="Reference">P</field>
        <field name="Value">CONN_01X04</field>
      </fields>
      <pins>
        <pin num="1" name="P1" type="passive"/>
        <pin num="2" name="P2" type="passive"/>
        <pin num="3" name="P3" type="passive"/>
        <pin num="4" name="P4" type="passive"/>
      </pins>
    </libpart>
    <libpart lib="device" part="C_Small">
      <description>Unpolarized capacitor</description>
      <footprints>
        <fp>C?</fp>
        <fp>C_????_*</fp>
        <fp>C_????</fp>
        <fp>SMD*_c</fp>
        <fp>Capacitor*</fp>
      </footprints>
      <fields>
        <field name="Reference">C</field>
        <field name="Value">C_Small</field>
      </fields>
      <pins>
        <pin num="1" name="~" type="passive"/>
        <pin num="2" name="~" type="passive"/>
      </pins>
    </libpart>
    <libpart lib="RPSU-top-rescue" part="POT-RESCUE-RPSU-top">
      <fields>
        <field name="Reference">RV</field>
        <field name="Value">POT-RESCUE-RPSU-top</field>
      </fields>
      <pins>
        <pin num="1" name="1" type="passive"/>
        <pin num="2" name="2" type="passive"/>
        <pin num="3" name="3" type="passive"/>
      </pins>
    </libpart>
    <libpart lib="device" part="R">
      <description>Resistor</description>
      <footprints>
        <fp>R_*</fp>
        <fp>Resistor_*</fp>
      </footprints>
      <fields>
        <field name="Reference">R</field>
        <field name="Value">R</field>
      </fields>
      <pins>
        <pin num="1" name="~" type="passive"/>
        <pin num="2" name="~" type="passive"/>
      </pins>
    </libpart>
    <libpart lib="HVTest" part="SN74AUP3G17">
      <fields>
        <field name="Reference">U</field>
        <field name="Value">SN74AUP3G17</field>
      </fields>
      <pins>
        <pin num="1" name="1A" type="input"/>
        <pin num="2" name="3Y" type="output"/>
        <pin num="3" name="2A" type="input"/>
        <pin num="4" name="GND" type="power_in"/>
        <pin num="5" name="2Y" type="output"/>
        <pin num="6" name="3A" type="input"/>
        <pin num="7" name="1Y" type="output"/>
        <pin num="8" name="VCC" type="power_in"/>
      </pins>
    </libpart>
    <libpart lib="device" part="SP3T">
      <description>3 position switch, SP3T</description>
      <footprints>
        <fp>SW*</fp>
        <fp>SP3T*</fp>
      </footprints>
      <fields>
        <field name="Reference">SW</field>
        <field name="Value">SP3T</field>
      </fields>
      <pins>
        <pin num="1" name="1" type="passive"/>
        <pin num="2" name="2" type="passive"/>
        <pin num="3" name="3" type="passive"/>
        <pin num="4" name="4" type="passive"/>
      </pins>
    </libpart>
    <libpart lib="HVTest" part="TPS78225DDCR">
      <fields>
        <field name="Reference">U</field>
        <field name="Value">TPS78225DDCR</field>
      </fields>
      <pins>
        <pin num="1" name="IN" type="power_in"/>
        <pin num="2" name="GND" type="power_in"/>
        <pin num="3" name="EN" type="input"/>
        <pin num="4" name="GND" type="power_in"/>
        <pin num="5" name="OUT" type="power_out"/>
      </pins>
    </libpart>
    <libpart lib="HVTest" part="switch_ic4/5">
      <fields>
        <field name="Reference">U</field>
        <field name="Value">switch_ic4/5</field>
      </fields>
      <pins>
        <pin num="1" name="GNDA" type="power_in"/>
        <pin num="2" name="VHIGH" type="input"/>
        <pin num="3" name="POSR1" type="input"/>
        <pin num="4" name="POSR2" type="output"/>
        <pin num="5" name="NEGR2" type="output"/>
        <pin num="6" name="NEGR1" type="input"/>
        <pin num="7" name="INTCAP1" type="input"/>
        <pin num="8" name="INTCAP2" type="output"/>
        <pin num="9" name="LSBOUT" type="output"/>
        <pin num="10" name="MSBOUT" type="output"/>
        <pin num="11" name="VDDA" type="power_in"/>
        <pin num="12" name="GND" type="power_in"/>
        <pin num="13" name="RESET" type="input"/>
        <pin num="14" name="RIN" type="passive"/>
        <pin num="15" name="VDD" type="power_in"/>
        <pin num="16" name="SWITCH" type="output"/>
        <pin num="17" name="CIN" type="BiDi"/>
        <pin num="18" name="SCLK" type="input"/>
        <pin num="19" name="MOSI" type="input"/>
        <pin num="20" name="~CSN" type="input"/>
        <pin num="21" name="GND" type="power_in"/>
      </pins>
    </libpart>
  </libparts>
  <libraries>
    <library logical="HVTest">
      <uri>C:\Users\User\Google Drive\IC Research\Clean HV Designs\HVPSU-Projects\RPSU-top\HVTest.lib</uri>
    </library>
    <library logical="conn">
      <uri>C:\Program Files\KiCad\share\kicad\library\conn.lib</uri>
    </library>
    <library logical="RPSU-top-rescue">
      <uri>C:\Users\User\Google Drive\IC Research\Clean HV Designs\HVPSU-Projects\RPSU-top\RPSU-top-rescue.lib</uri>
    </library>
    <library logical="device">
      <uri>C:\Program Files\KiCad\share\kicad\library\device.lib</uri>
    </library>
  </libraries>
  <nets>
    <net code="1" name="+2V5">
      <node ref="U3" pin="5"/>
      <node ref="SW1" pin="4"/>
      <node ref="C60" pin="2"/>
    </net>
    <net code="2" name="MOSI">
      <node ref="U1" pin="19"/>
      <node ref="U2" pin="5"/>
    </net>
    <net code="3" name="SCLK">
      <node ref="U1" pin="18"/>
      <node ref="U2" pin="7"/>
    </net>
    <net code="4" name="MOSIIN">
      <node ref="P1" pin="2"/>
      <node ref="U2" pin="3"/>
    </net>
    <net code="5" name="~CSNIN">
      <node ref="P1" pin="1"/>
      <node ref="U2" pin="6"/>
    </net>
    <net code="6" name="~CSN">
      <node ref="U1" pin="20"/>
      <node ref="U2" pin="2"/>
    </net>
    <net code="7" name="Net-(R14-Pad1)">
      <node ref="R14" pin="1"/>
      <node ref="RV1" pin="3"/>
    </net>
    <net code="8" name="Net-(R15-Pad2)">
      <node ref="R15" pin="2"/>
      <node ref="RV1" pin="1"/>
    </net>
    <net code="9" name="VDDA">
      <node ref="U1" pin="11"/>
      <node ref="C52" pin="2"/>
      <node ref="C50" pin="2"/>
      <node ref="R17" pin="2"/>
    </net>
    <net code="10" name="RESET">
      <node ref="U1" pin="13"/>
      <node ref="R23" pin="2"/>
    </net>
    <net code="11" name="RIN">
      <node ref="U1" pin="14"/>
      <node ref="RV3" pin="2"/>
      <node ref="C57" pin="2"/>
    </net>
    <net code="12" name="SCLKIN">
      <node ref="P1" pin="3"/>
      <node ref="U2" pin="1"/>
    </net>
    <net code="13" name="Net-(RV2-Pad2)">
      <node ref="U1" pin="16"/>
      <node ref="RV2" pin="2"/>
    </net>
    <net code="14" name="Net-(C57-Pad1)">
      <node ref="U1" pin="17"/>
      <node ref="C57" pin="1"/>
    </net>
    <net code="15" name="VDDD">
      <node ref="C53" pin="2"/>
      <node ref="R16" pin="2"/>
      <node ref="C54" pin="2"/>
      <node ref="U1" pin="15"/>
    </net>
    <net code="16" name="SWITCH">
      <node ref="R1" pin="2"/>
      <node ref="P3" pin="1"/>
      <node ref="RV2" pin="3"/>
    </net>
    <net code="17" name="GND">
      <node ref="C65" pin="1"/>
      <node ref="P1" pin="4"/>
      <node ref="C63" pin="1"/>
      <node ref="C56" pin="2"/>
      <node ref="C51" pin="2"/>
      <node ref="R15" pin="1"/>
      <node ref="U1" pin="21"/>
      <node ref="U1" pin="12"/>
      <node ref="R23" pin="1"/>
      <node ref="C58" pin="2"/>
      <node ref="BT1" pin="2"/>
      <node ref="C61" pin="1"/>
      <node ref="C53" pin="1"/>
      <node ref="C50" pin="1"/>
      <node ref="C54" pin="1"/>
      <node ref="C52" pin="1"/>
      <node ref="U3" pin="2"/>
      <node ref="P5" pin="1"/>
      <node ref="U1" pin="1"/>
      <node ref="R1" pin="1"/>
      <node ref="U3" pin="4"/>
      <node ref="U2" pin="4"/>
      <node ref="C64" pin="1"/>
      <node ref="C60" pin="1"/>
      <node ref="C62" pin="1"/>
      <node ref="P6" pin="1"/>
      <node ref="C1" pin="1"/>
      <node ref="P8" pin="1"/>
      <node ref="C59" pin="1"/>
      <node ref="P7" pin="1"/>
    </net>
    <net code="18" name="HVR">
      <node ref="U1" pin="3"/>
      <node ref="R18" pin="2"/>
      <node ref="R22" pin="1"/>
      <node ref="R21" pin="1"/>
      <node ref="P4" pin="1"/>
    </net>
    <net code="19" name="VDD">
      <node ref="R14" pin="2"/>
      <node ref="U2" pin="8"/>
      <node ref="C65" pin="2"/>
      <node ref="C1" pin="2"/>
      <node ref="R17" pin="1"/>
      <node ref="RV3" pin="1"/>
      <node ref="C64" pin="2"/>
      <node ref="C62" pin="2"/>
      <node ref="SW1" pin="3"/>
      <node ref="R16" pin="1"/>
      <node ref="P2" pin="1"/>
    </net>
    <net code="20" name="Net-(RV3-Pad3)">
      <node ref="RV3" pin="3"/>
    </net>
    <net code="21" name="Net-(SW1-Pad1)">
      <node ref="SW1" pin="1"/>
    </net>
    <net code="22" name="+BATT">
      <node ref="C59" pin="2"/>
      <node ref="U3" pin="1"/>
      <node ref="U3" pin="3"/>
      <node ref="SW1" pin="2"/>
      <node ref="BT1" pin="1"/>
      <node ref="C61" pin="2"/>
      <node ref="C63" pin="2"/>
    </net>
    <net code="23" name="Net-(RV2-Pad1)">
      <node ref="RV2" pin="1"/>
    </net>
    <net code="24" name="LSB">
      <node ref="U1" pin="9"/>
      <node ref="C56" pin="1"/>
      <node ref="R21" pin="2"/>
    </net>
    <net code="25" name="Net-(C51-Pad1)">
      <node ref="U1" pin="2"/>
      <node ref="C51" pin="1"/>
      <node ref="RV1" pin="2"/>
    </net>
    <net code="26" name="MSB">
      <node ref="U1" pin="10"/>
      <node ref="R22" pin="2"/>
      <node ref="C58" pin="1"/>
    </net>
    <net code="27" name="Net-(C55-Pad2)">
      <node ref="U1" pin="7"/>
      <node ref="C55" pin="2"/>
    </net>
    <net code="28" name="Net-(C55-Pad1)">
      <node ref="C55" pin="1"/>
      <node ref="U1" pin="8"/>
    </net>
    <net code="29" name="Net-(R19-Pad1)">
      <node ref="R20" pin="2"/>
      <node ref="U1" pin="6"/>
      <node ref="R19" pin="1"/>
    </net>
    <net code="30" name="Net-(R20-Pad1)">
      <node ref="U1" pin="5"/>
      <node ref="R20" pin="1"/>
    </net>
    <net code="31" name="Net-(R18-Pad1)">
      <node ref="R18" pin="1"/>
      <node ref="R19" pin="2"/>
      <node ref="U1" pin="4"/>
    </net>
  </nets>
</export>
